target,x1,x2
1.0,1.24594813818,11.0968974037
1.0,-0.156612049986,9.95028866968
1.0,0.25418213031,9.76439423807
1.0,-0.255391077527,11.0075767854
1.0,0.489352026508,10.193230247
1.0,-0.25957773271,9.01608630031
1.0,0.16542213066,10.0372659323
1.0,0.958248285321,10.1624776691
1.0,-0.260504524639,9.72713345558
1.0,1.02043864647,9.99636102847
1.0,0.321182946979,9.35488449571
1.0,0.632965487819,9.19665984251
1.0,0.24692679916,9.2202666194
1.0,-0.682717213084,9.62670519205
1.0,1.4183642498,10.9586712097
1.0,0.403751957126,9.87658826468
1.0,2.67921422028,8.51814319574
1.0,1.60666548239,9.59564321487
1.0,-0.123888705316,9.96912829841
1.0,1.19034808954,9.8732570063
1.0,0.665845970428,10.1442156877
1.0,1.33594963655,9.5055477244
1.0,1.6047330618,9.10558841959
1.0,1.44876004494,9.7736492798
1.0,1.41952877663,9.11921316452
1.0,1.26580757612,10.4759477856
1.0,-0.0177413256529,10.047327804
1.0,2.37156533299,9.3861350625
1.0,3.04931274336,10.2114838589
1.0,2.95930859915,9.71491265749
1.0,2.11077851313,10.4154125115
1.0,2.14756337422,9.95343369306
1.0,1.34062373372,9.63533543831
1.0,1.66765699108,9.89798013076
1.0,2.47677243394,9.6779801676
1.0,1.53965576702,9.21391392191
1.0,2.77204937746,10.4379918674
1.0,2.77663355616,10.2680662317
1.0,2.40334191309,10.2135041921
1.0,2.8509948257,10.151451853
1.0,2.49150435348,9.88681528925
1.0,3.22844786486,9.32893874637
1.0,1.75724702447,9.5349186858
1.0,2.2391357056,9.58754431486
1.0,2.39784140094,9.74098825826
1.0,3.2435232727,9.36325040914
1.0,3.1867122955,9.97694157254
1.0,1.36279127998,9.29254160036
1.0,2.81831292606,9.68220525891
1.0,2.3586804935,9.43038220365
1.0,2.7570053064,8.92251557607
1.0,2.78272477392,9.92615400631
1.0,2.71325540622,9.58587021697
1.0,3.21389538503,9.97437426899
1.0,3.42044359226,9.45204448906
1.0,2.97389707296,9.74978265984
1.0,3.29514564419,10.0926053092
1.0,2.16573510909,8.83171132142
1.0,3.92326306908,9.71301114404
1.0,4.22362281157,9.28315572868
1.0,2.14954688294,9.05036602735
1.0,4.01507762255,9.59864779265
1.0,4.13082115702,9.43007002567
1.0,3.45460793646,8.9704227055
1.0,3.58257638733,9.24985456315
1.0,3.64843876321,9.62156258616
1.0,3.5683102323,8.48396734739
1.0,5.18234769489,9.41193612553
1.0,3.60307783956,9.08703646053
1.0,4.4084961285,9.03386404072
1.0,4.12026686454,8.51593758819
1.0,4.63148653021,8.64570154565
1.0,4.23363614134,8.48830761139
1.0,4.76399347089,9.06168512318
1.0,4.30631692164,8.87416239197
1.0,5.63428263249,9.27120012684
1.0,4.69868195452,9.20680512384
1.0,6.09727668472,8.67286813397
1.0,4.95352753629,9.44344934228
1.0,4.56255192157,8.63373448925
1.0,5.73897933737,9.37638123371
1.0,4.8324007841,8.69248621311
1.0,4.95603772877,9.71348873744
1.0,3.87583268272,9.10823207343
1.0,4.0890194992,9.51287073053
1.0,6.59282224362,8.8551532304
1.0,6.07248129807,8.40580701595
1.0,4.70572937336,9.18559747281
1.0,5.80957414344,8.63458992868
1.0,6.03791512168,7.78021925435
1.0,5.84710018409,8.42454994258
1.0,4.49326676169,9.54535331476
1.0,5.17157667736,8.39083224661
1.0,5.94954256993,7.82909381668
1.0,5.82372955658,7.57772953686
1.0,5.58981999377,8.38574739139
1.0,4.51688374765,7.60437583522
1.0,5.99653087666,8.5893233539
1.0,4.08753178135,7.75742299486
1.0,4.16152298721,7.54071739229
1.0,5.93685918229,9.03309655089
1.0,5.5712683855,6.953435322
1.0,5.40969237647,8.6391317699
1.0,7.45167654794,8.70748070675
1.0,6.14234309505,8.34002619717
1.0,5.17113071955,7.395845325
1.0,6.32699738458,7.11034469039
1.0,6.13534969728,7.58437577899
1.0,5.91478710288,7.31731467545
1.0,6.13646966725,7.97974765381
1.0,5.64450927244,7.24609942764
1.0,6.40727802217,7.42229968716
1.0,5.88194307646,7.86890618767
1.0,5.5665623981,7.90757421004
1.0,5.28628850688,8.47964797522
1.0,6.66598476945,7.56110558958
1.0,7.15087174411,7.13073256638
1.0,7.19435205683,7.86232783864
1.0,7.79117550797,6.97842557002
1.0,6.64971554626,8.05030418164
1.0,6.84662273704,7.35582807009
1.0,6.98856915561,6.99059314763
1.0,5.79662100895,6.84777253393
1.0,6.48096833035,7.90629393976
1.0,6.65204296034,7.33101602844
1.0,7.51351118679,7.10777266249
1.0,6.43368000122,6.99907650332
1.0,8.54030816411,6.55842045985
1.0,7.39649560732,6.84945432198
1.0,6.22694153709,7.50388262785
1.0,7.66670280734,6.48561890999
1.0,7.33225708507,6.75990725125
1.0,8.76123785455,6.70522221639
1.0,7.57390597751,6.65946502537
1.0,8.7134126054,6.08715573784
1.0,7.50012463804,7.84127953176
1.0,7.22512619969,7.15463290542
1.0,7.02074197781,6.58551129112
1.0,8.13317456848,5.99101465112
1.0,7.86267709234,6.47624099566
1.0,7.55482206672,5.7599372247
1.0,7.79660873685,5.86243029945
1.0,7.60788671221,6.13489112891
1.0,7.52932617445,5.99438931459
1.0,7.82136301856,5.78429862432
1.0,7.30358408849,6.88463851478
1.0,8.02821244127,6.34825496526
1.0,8.35346126305,7.06128002101
1.0,8.2902427901,5.80504712586
1.0,7.33613394803,6.54203362426
1.0,8.17736191355,5.39150769779
1.0,9.34808624647,5.85665559236
1.0,7.26563350971,5.47572365753
1.0,7.31267860495,5.36458492684
1.0,8.83575337883,6.05084900713
1.0,7.99613071159,5.44606604323
1.0,8.19331953599,5.35821727592
1.0,8.18820200279,6.25142859919
1.0,7.2784331588,4.90542518427
1.0,8.0834294707,4.46908906052
1.0,8.37633284447,5.58853090155
1.0,7.41841204609,4.92811249932
1.0,10.7065848262,5.66405209169
1.0,9.3936517374,4.82906931641
1.0,8.2400356573,4.94676705278
1.0,8.61029043793,5.48408325802
1.0,9.26265674157,5.56528782066
1.0,8.04939791033,4.5880901712
1.0,8.29491555778,5.61855661826
1.0,9.96375002622,4.98086279858
1.0,7.89125431859,4.55022037073
1.0,8.94128759342,3.81400020047
1.0,9.54925170193,4.28681412384
1.0,7.92031075175,4.77561103521
1.0,9.06290095227,4.08428167446
1.0,8.85916009555,4.40917359191
1.0,8.89139031724,4.16284538909
1.0,8.63587780508,4.16478634795
1.0,7.79440123665,4.19685811974
1.0,9.29919129091,4.29331302376
1.0,9.76526617312,4.94962695741
1.0,8.91423881706,4.53549789727
1.0,9.7554613867,3.95396938329
1.0,8.67399384073,4.35969800851
1.0,9.29865302757,3.98949609122
1.0,9.33633586743,3.97022868165
1.0,8.87500515768,4.65187455516
1.0,10.4025943926,3.46303698569
1.0,10.6238421203,4.2819425306
1.0,10.6060754884,3.47690155792
1.0,8.66176709188,3.79426446654
1.0,9.7378509424,3.05714568971
1.0,9.11925199633,3.73717326263
1.0,10.175221037,3.70838328814
1.0,9.61340539322,3.6112087814
1.0,8.67782706511,3.73425886598
1.0,9.78855575168,3.06781930467
1.0,9.06286736284,4.00631588027
1.0,9.08957775276,2.30988942589
1.0,9.26483426473,2.95336937311
1.0,8.2956778467,2.46134635904
1.0,10.2334998775,2.96516460398
1.0,10.1050699164,2.60408667145
1.0,9.36169016268,3.61847799013
1.0,9.16569155951,2.68574634721
1.0,9.79248735464,2.03156082409
1.0,9.84289030332,2.23963058147
1.0,8.94293233587,2.51371700881
1.0,10.1457021046,2.54972023622
1.0,9.00673275893,2.549973053
1.0,9.15811245899,2.84139921506
1.0,8.95706986589,2.69929560429
1.0,11.1967727824,2.47909131449
1.0,9.86561290288,2.52207099525
1.0,10.0917318818,2.70639182362
1.0,10.2085288482,1.28971929342
1.0,10.4059013172,1.59749107447
1.0,9.73888221592,1.89423635286
1.0,9.55745246673,1.75889542901
1.0,11.542592833,2.17833565594
1.0,11.1550301922,1.46277941192
1.0,9.74171547863,1.88179457871
1.0,11.2621236091,1.77418944768
1.0,9.78536469997,1.7873515442
1.0,8.82965240432,2.33226161745
1.0,8.3367890848,1.53786664728
1.0,9.68536219682,2.25119095488
1.0,9.52761560124,2.17342351552
1.0,9.97718515722,0.216557272637
1.0,10.2552012305,1.24421392388
1.0,9.18714084426,0.935477798708
1.0,10.8606658415,1.06726213118
1.0,9.51703752876,1.40916180146
1.0,9.49758334719,1.33452702029
1.0,9.52386205444,1.507991348
1.0,9.78053489197,0.367074406313
1.0,11.2223089889,1.1992427635
1.0,8.91575878349,1.17073162258
1.0,9.99298757811,0.498503658101
1.0,10.8340133451,0.140676618428
1.0,9.63341568347,0.0503545237225
1.0,10.6174278751,0.551265174494
1.0,8.57148645491,0.227292692422
1.0,10.2194182467,0.737062299224
1.0,9.33277322402,0.159756476251
1.0,10.2941369182,0.412555422602
1.0,9.50954195713,-0.283884952642
1.0,11.011855496,-0.86547261882
1.0,10.1949018269,0.0893751646228
1.0,9.14597219865,-0.379322514123
1.0,9.60021027363,-0.282651207662
1.0,10.3250788137,-0.95360350804
1.0,9.67924417907,-1.12495716212
1.0,9.88005895414,0.0953187400523
1.0,10.6636656877,-1.01610848679
1.0,9.97150034379,0.165725730996
1.0,9.20348719496,-0.953416220594
1.0,10.4695453411,-0.484373613841
1.0,10.842803996,-0.0736109850118
1.0,11.5345584675,-0.219140691222
1.0,10.7005123667,-0.650688497483
1.0,11.2950901184,0.117831674526
1.0,9.75556965076,-0.387174940666
1.0,10.1311593632,-0.92101288648
1.0,8.24360353959,-1.61676673705
1.0,8.51659093376,-0.271058999784
1.0,9.13850719343,-0.468600332145
1.0,12.0704113969,-0.82786744251
1.0,9.48567268911,0.355181608923
1.0,10.773058291,-0.297233602222
1.0,10.4466466111,-0.59284094472
1.0,10.3514206798,-1.60654595887
1.0,8.86740261371,-1.68805782837
1.0,8.44200678952,-1.04248241282
1.0,9.90273375108,-0.989473224032
1.0,11.774641524,-1.92876462024
1.0,10.0075616367,-2.00963023077
1.0,9.26195788969,-1.89830883868
1.0,9.56315709865,-1.63020008831
1.0,9.41589299128,-1.84041367023
1.0,11.096699942,-1.98757075419
1.0,9.68090993736,-1.95087291893
1.0,9.22107260286,-2.55299890895
1.0,9.13116937128,-1.43409825012
1.0,9.59584340756,-2.82665558745
1.0,8.95987374724,-2.32474235714
1.0,10.0718605592,-3.23446169177
1.0,9.56062802317,-1.86276817876
1.0,9.78410173998,-1.45040605699
1.0,10.1001543084,-3.07565655076
1.0,9.11792492167,-2.23152724046
1.0,10.3948410237,-2.50234897455
1.0,9.55126301558,-2.93948826209
1.0,9.55274100726,-2.63065438582
1.0,10.4437417015,-2.83051609323
1.0,9.41390516044,-3.24736067622
1.0,8.07677925148,-3.73517882271
1.0,11.4141388906,-3.11363422516
1.0,9.49418504651,-3.07973559584
1.0,8.26993546002,-3.18554374674
1.0,10.4594838603,-3.85190627264
1.0,10.1564266957,-3.58105615866
1.0,9.73281486569,-2.53261826747
1.0,10.9354191897,-2.97011156378
1.0,9.19112406115,-2.1975761177
1.0,10.1734314073,-3.82625227762
1.0,9.52503574806,-2.71034594288
1.0,9.45496429182,-4.2504315192
1.0,10.3533544558,-3.35456856208
1.0,10.2384923845,-3.50881200069
1.0,9.53082398228,-3.76179073307
1.0,9.83594015474,-2.99336215236
1.0,8.54397908193,-3.74940567469
1.0,9.01623943182,-4.3413366826
1.0,8.02451614135,-3.6526569891
1.0,10.2105108524,-3.9597040221
1.0,10.9649056086,-3.76360014793
1.0,8.73947985854,-4.38287006604
1.0,9.21324237835,-4.57115539295
1.0,8.37965149352,-3.66367862742
1.0,9.76478472079,-5.31817287478
1.0,10.7857419261,-3.43363514274
1.0,8.24712688449,-5.70942206226
1.0,9.66829434543,-4.92703799554
1.0,9.5279432111,-4.57318358005
1.0,9.31145010024,-4.35520204009
1.0,8.9875387335,-3.89290808176
1.0,7.54952744056,-4.11251185735
1.0,11.1845431095,-4.69793090111
1.0,8.03785182109,-4.27700248324
1.0,8.7738969329,-4.61790443509
1.0,8.42537638418,-4.63472743292
1.0,7.92016234548,-4.72819276054
1.0,8.94842940184,-4.27033327807
1.0,8.71217823836,-4.732924434
1.0,9.49794419739,-3.68404152161
1.0,8.58804376082,-3.88893433613
1.0,9.24605615155,-4.96333066406
1.0,8.48154742409,-4.31850900714
1.0,7.5962458439,-3.96777903578
1.0,8.91570474381,-5.77688437624
1.0,7.67198904247,-5.20885070262
1.0,9.48063535915,-5.63512778153
1.0,7.8355528642,-5.47329463344
1.0,9.56541802696,-5.13083164404
1.0,9.48817127655,-6.12108301729
1.0,8.372716786,-5.89933110769
1.0,9.26162714188,-5.23661880015
1.0,7.03059626661,-6.63703703106
1.0,7.68384702891,-6.08038568829
1.0,7.71602511872,-5.7421988003
1.0,8.61582925801,-5.26899499881
1.0,8.00011672021,-5.47896734827
1.0,8.86744059545,-5.83952365434
1.0,7.40806731799,-6.31225943785
1.0,8.3855256377,-6.00924782429
1.0,7.46987524397,-6.02711074665
1.0,8.71785517238,-6.58023756888
1.0,6.66593406657,-6.49446532761
1.0,7.5453590102,-6.5404509952
1.0,8.01427520861,-5.68956441839
1.0,6.32483672656,-6.75621769951
1.0,7.12138055974,-5.9275469301
1.0,6.77787557743,-6.54168255255
1.0,7.80053128191,-6.54473246174
1.0,8.54185078313,-6.48395519196
1.0,7.65826938705,-6.66978816131
1.0,6.87041382537,-5.64905882721
1.0,7.01527682958,-6.95686400861
1.0,7.13884971102,-6.91009155371
1.0,6.39347796644,-6.22114545584
1.0,7.39406768471,-6.64388443127
1.0,6.68937366639,-6.92146529721
1.0,7.81549638584,-7.54476124089
1.0,6.29276274038,-7.30192015436
1.0,8.1241519937,-7.27626695635
1.0,7.17608719827,-7.28834511192
1.0,7.87207600015,-8.07507894406
1.0,6.47154186957,-7.78750405753
1.0,6.55139463457,-7.5919956303
1.0,7.76092787158,-7.00098090507
1.0,7.45940282493,-8.62336199888
1.0,7.81008281632,-7.67809724629
1.0,7.57212382252,-7.32910043491
1.0,7.72195537822,-8.44517550235
1.0,7.51181903623,-7.60156256543
1.0,6.61251832575,-8.23267869245
1.0,7.37619460071,-8.44793482211
1.0,6.10049177236,-7.47536865639
1.0,6.14640805275,-7.0009165422
1.0,6.95600067423,-8.24387181733
1.0,6.17998140763,-7.96158258868
1.0,6.70633570429,-7.91237710889
1.0,5.93457637872,-7.58798419171
1.0,5.27003965604,-7.51663375297
1.0,6.33077182619,-8.22847765559
1.0,5.6493896367,-7.67040968777
1.0,4.55380254702,-7.20878179387
1.0,6.22656381822,-7.52085823913
1.0,5.5280029845,-7.36411240437
1.0,6.71797098686,-7.36873094209
1.0,6.59374470998,-8.75379148204
1.0,6.52329140643,-8.62591703155
1.0,6.50172729759,-8.58260347417
1.0,6.52487353179,-8.30265897491
1.0,6.3305649902,-7.89045675756
1.0,4.69104421997,-8.49660992255
1.0,4.8929480256,-9.03897131274
1.0,5.23973620105,-8.25116759858
1.0,5.14685648068,-7.64416750191
1.0,5.62857416672,-8.24854737734
1.0,4.50701263705,-8.36114076679
1.0,5.45077949652,-8.72051521182
1.0,6.39324482061,-9.41509853853
1.0,4.77514541879,-9.21224371749
1.0,6.74622093124,-8.59086627595
1.0,4.57506576398,-8.78922685288
1.0,5.61492863001,-8.07032256803
1.0,6.30889939013,-8.48860325901
1.0,5.90281272813,-9.48782773133
1.0,3.09694373442,-8.82096450817
1.0,5.6613921687,-9.0940384628
1.0,3.71573330219,-8.51312495352
1.0,5.38277948828,-8.87418978799
1.0,3.57743746957,-8.8427970374
1.0,5.59491147545,-9.44040994159
1.0,4.0215332906,-8.90777803104
1.0,3.16611565215,-8.68605510252
1.0,4.46400515525,-9.53586685173
1.0,4.39804794801,-9.07681536422
1.0,5.21277289145,-9.25092882899
1.0,5.0564617074,-9.50427506291
1.0,3.48310550876,-8.8133847398
1.0,3.04638394029,-9.97612878119
1.0,3.44533443881,-8.58129620335
1.0,3.74791702041,-8.13595565153
1.0,5.0228841317,-9.39826904417
1.0,5.5299474524,-9.50338615257
1.0,3.47992361643,-8.2040939738
1.0,2.61875997888,-9.19267500665
1.0,3.94894140442,-9.36027869942
1.0,3.74886098393,-9.10285045507
1.0,3.92569319055,-9.66174398182
1.0,2.30231114683,-8.83417250794
1.0,3.40569905073,-10.0113200177
1.0,4.06470085911,-9.39860676313
1.0,3.39331360049,-9.20650709657
1.0,3.78895355726,-8.58523830624
1.0,2.7529676135,-9.11822383063
1.0,4.01451586927,-9.06584227881
1.0,3.35619651486,-9.80943184715
1.0,3.21416901479,-9.83848760204
1.0,1.91150385848,-9.28379982624
1.0,3.89259563844,-9.53323133791
1.0,1.90952715922,-10.4495463017
1.0,2.04687215435,-8.37132766049
1.0,0.573829875012,-9.58438928736
1.0,2.44961187866,-9.45646764739
1.0,3.19337430437,-8.77279654866
1.0,3.57267239541,-9.9572926356
1.0,2.56990231405,-9.50851562361
1.0,1.84552250211,-9.41259037583
1.0,2.29572885622,-8.99786255143
1.0,1.887264862,-10.4711478348
1.0,2.27944742497,-9.74568177539
1.0,2.07133032398,-9.4715637263
1.0,1.8501458048,-10.1056821096
1.0,2.2390517298,-9.92900581757
1.0,1.51999870671,-10.080237666
1.0,2.52037641457,-8.83722923806
1.0,1.78217588487,-10.1416737825
1.0,0.581529369062,-10.9138582694
1.0,2.29213829199,-9.86811900738
1.0,1.72078826124,-9.5610073962
1.0,1.84507743508,-9.03081199399
1.0,2.10968690788,-10.4878796473
1.0,1.30521384637,-10.369538585
1.0,0.670329426712,-9.6186393383
1.0,2.71437366403,-8.98033390358
1.0,-0.0357102034889,-9.90138951919
1.0,1.33867173319,-10.1552026695
1.0,0.582037246955,-10.0879800538
1.0,0.774813224644,-9.65162109792
1.0,1.88916619361,-9.18798054896
1.0,2.08676347404,-10.8498280682
1.0,0.883001637207,-10.0720958008
1.0,1.01667214516,-10.2506718595
1.0,0.453303998866,-9.79647825402
1.0,-0.0242418083811,-11.0674528663
1.0,0.917395600637,-9.39505684658
1.0,-0.765198671723,-10.2213777809
1.0,0.554735106431,-9.95035532143
1.0,0.946369778367,-10.2222125628
1.0,-0.809490763401,-9.13898232616
1.0,1.30475619512,-10.182329444
1.0,0.623205288945,-10.2338451521
1.0,-0.235516879048,-9.8247666475
1.0,0.335889473136,-10.0245282388
1.0,-0.326613770317,-10.0684822996
1.0,0.0361696123813,-9.78162264409
1.0,0.135430206664,-9.83899376431
1.0,-1.1829698091,-10.5815503618
1.0,1.17360326662,-10.4823291518
1.0,0.371308961839,-9.62679106498
1.0,-1.00245359363,-9.77122439294
1.0,1.25571488464,-9.89355948803
1.0,-1.24644059188,-9.79332007483
1.0,0.301261592588,-10.4393463687
1.0,-1.05809006058,-9.58615477997
1.0,-0.439219671349,-9.47460243065
1.0,-0.686568787349,-9.74788965758
1.0,-1.38049039901,-9.81808839981
1.0,-2.36436751097,-10.0636515134
1.0,-2.18058795064,-9.4711940237
1.0,0.243837880331,-10.1121277995
1.0,-0.800275866889,-9.90104844397
1.0,-0.949045363557,-10.4770299377
1.0,-0.793815598939,-9.74304770291
1.0,-1.50771215125,-10.1374703645
1.0,-1.26308992452,-10.5794954265
1.0,-1.06941044743,-10.0242692329
1.0,-2.24889739946,-9.19728314821
1.0,-0.954160223316,-8.96872931718
1.0,-1.6291040541,-9.85158978951
1.0,-1.19294335972,-10.1149350534
1.0,-1.64122019113,-9.54831358419
1.0,-2.64701330334,-9.81637169629
1.0,-2.00509659349,-10.4687090924
1.0,-3.20916108935,-10.114794509
1.0,-1.94872670786,-10.7160900059
1.0,-0.439349679832,-10.0478104182
1.0,-2.91429496773,-9.17485342074
1.0,-2.06927836389,-10.2754720139
1.0,-2.4737237496,-9.69774647168
1.0,-1.76289490625,-10.750039722
1.0,-1.90128718526,-9.54198732906
1.0,-1.22631743801,-10.6317630985
1.0,-2.06262980861,-9.8867817343
1.0,-3.22193252716,-9.84175514273
1.0,-2.41399523017,-9.16372303624
1.0,-3.46900898033,-9.38922150851
1.0,-1.01916397511,-9.78253974168
1.0,-2.04765762443,-10.0410744462
1.0,-2.96056840221,-9.95718891717
1.0,-3.59095938512,-9.62833663142
1.0,-2.26729629794,-10.1690948123
1.0,-3.16559052356,-9.81171279652
1.0,-2.59149956014,-9.35302490894
1.0,-2.23233670643,-10.26505851
1.0,-1.07472813309,-9.41970616579
1.0,-4.83548056067,-9.71815289161
1.0,-3.25423184947,-9.41258901111
1.0,-4.07961150053,-9.71223563465
1.0,-3.29284404451,-9.74192981867
1.0,-3.65481017397,-9.17502864774
1.0,-3.53359577,-9.98815433942
1.0,-3.05762048806,-9.07533315079
1.0,-4.28761474476,-9.66980598032
1.0,-2.58128737029,-9.79118564363
1.0,-4.63685276786,-9.61290025336
1.0,-3.69171242635,-9.8475768123
1.0,-3.27907184078,-9.77953269081
1.0,-4.66584079353,-10.2202224817
1.0,-3.12697416785,-9.13314397041
1.0,-4.57917510787,-9.50224974322
1.0,-4.89883581033,-9.00967856911
1.0,-3.97607691401,-9.88250866546
1.0,-3.08700626383,-9.09824892164
1.0,-5.79619372198,-8.42470818902
1.0,-5.36645969677,-8.64493411015
1.0,-4.64712384558,-9.63960314431
1.0,-4.6474057661,-8.37523424813
1.0,-4.01837836635,-8.82178093271
1.0,-4.16218749845,-9.11770418701
1.0,-5.4135815021,-10.3987400276
1.0,-4.29780140554,-9.11688339785
1.0,-3.81847218376,-8.49660902744
1.0,-4.98670484454,-10.2897569805
1.0,-5.7851317358,-9.28296841314
1.0,-4.15979216034,-8.97381391872
1.0,-5.52803080922,-8.37264818026
1.0,-4.73199452955,-7.76012022749
1.0,-4.73968306078,-8.86882444359
1.0,-4.25647387855,-8.47183988137
1.0,-4.83331517174,-8.2494405067
1.0,-4.94218056203,-8.73599748656
1.0,-4.6724664274,-8.92998603008
1.0,-5.23041879309,-8.80466038093
1.0,-4.82363775929,-8.55557112316
1.0,-6.17098387985,-8.45619934624
1.0,-7.19500459511,-8.53288146241
1.0,-5.99703127463,-8.0041290141
1.0,-4.11520362191,-8.11194196305
1.0,-6.13790969283,-8.53576565395
1.0,-5.18273355293,-7.98627963989
1.0,-5.11761230045,-8.50230678817
1.0,-5.87471460496,-7.27943491517
1.0,-5.87423870048,-8.26221322116
1.0,-5.63842106302,-7.76044239214
1.0,-6.48807855307,-8.92513691165
1.0,-6.93709863969,-8.25472862489
1.0,-8.20182923526,-7.19591748117
1.0,-5.801885956,-9.13175018191
1.0,-6.45460319272,-7.83390038449
1.0,-4.74538917875,-8.35125714622
1.0,-6.64248920399,-8.10433317959
1.0,-6.56352943607,-7.64558606756
1.0,-4.94277810903,-7.97808645565
1.0,-7.1613906662,-7.64462235567
1.0,-4.88865016026,-8.26506988016
1.0,-8.05093757171,-8.21019749942
1.0,-6.2199777363,-7.4906252429
1.0,-6.62280886546,-7.18670338399
1.0,-6.49766223,-7.25445382014
1.0,-7.41692295236,-7.82363582661
1.0,-6.60669896103,-7.56844069778
1.0,-6.97189646544,-7.80312514166
1.0,-5.94459075487,-6.62578764442
1.0,-6.28104628644,-7.00088940134
1.0,-5.58464218792,-7.32084820426
1.0,-7.54219433709,-6.89666581582
1.0,-6.11651207756,-7.48340181399
1.0,-7.00211237982,-6.86129777025
1.0,-6.86485341588,-8.17405515952
1.0,-7.83392443205,-6.71572941403
1.0,-7.67525027472,-6.44947918996
1.0,-7.00819636306,-6.69706790678
1.0,-7.83015411625,-7.71005190421
1.0,-7.15747850772,-6.43997829632
1.0,-5.95953573836,-6.05862591084
1.0,-7.76176646679,-7.14246784615
1.0,-7.8836661931,-6.19171944081
1.0,-6.99878573992,-6.17551476257
1.0,-6.65472154965,-6.58805753558
1.0,-7.35976309559,-6.39971631386
1.0,-6.98698953581,-6.96337834664
1.0,-7.90705567245,-6.17438655362
1.0,-7.9637696776,-6.96548117892
1.0,-7.0205049957,-6.62321749176
1.0,-7.90190788594,-6.00950096532
1.0,-6.42706984111,-6.63599745827
1.0,-9.09533975378,-6.49932255665
1.0,-8.97695802108,-6.10606651955
1.0,-8.10418813599,-5.9774416139
1.0,-7.86685978049,-6.79545319501
1.0,-7.70982929,-6.90628971194
1.0,-8.34758331912,-5.4922751608
1.0,-9.26961958875,-6.33025924527
1.0,-7.50903379337,-6.20938253976
1.0,-8.48216932687,-6.64534314886
1.0,-7.88573170287,-6.63342742195
1.0,-8.28481814073,-5.70122165899
1.0,-8.7980436477,-6.55155334401
1.0,-8.7382228815,-5.66790938048
1.0,-6.65854799567,-5.3400714059
1.0,-10.5088917609,-4.74709960483
1.0,-7.41485393187,-5.11436019203
1.0,-8.97365691629,-6.30398409512
1.0,-8.76349050617,-4.95620650643
1.0,-7.14261750112,-4.90386012607
1.0,-8.92580513123,-4.94339581583
1.0,-8.53054241421,-5.33541209362
1.0,-8.24411115426,-5.46917175084
1.0,-10.0285099931,-4.7493984871
1.0,-7.86861217707,-4.71761722361
1.0,-8.91142232341,-5.32590638446
1.0,-9.00149215303,-5.19931459845
1.0,-9.69305010333,-5.55306598082
1.0,-7.33191343926,-5.37444325205
1.0,-7.9724435149,-4.72255276082
1.0,-8.34737726666,-4.08905429193
1.0,-9.4122328169,-5.71039019518
1.0,-8.12487537944,-4.30431294469
1.0,-9.71641303868,-4.4577489337
1.0,-9.64901566545,-5.02699217064
1.0,-10.4342450067,-4.79213226956
1.0,-9.13264922023,-4.3263077638
1.0,-8.21846054419,-5.37237011216
1.0,-7.03176869613,-4.06599455921
1.0,-8.18717877056,-4.93841863467
1.0,-8.97949954199,-4.74125497822
1.0,-9.20526884581,-5.16717741786
1.0,-8.00552187109,-4.76389900462
1.0,-7.88966313999,-3.62529955649
1.0,-8.59224249432,-3.83765256023
1.0,-8.97172442289,-3.66049907434
1.0,-9.37844435046,-4.15987527711
1.0,-10.4321346248,-3.61384425741
1.0,-9.5813546567,-3.65194691
1.0,-9.34403458737,-3.5699165714
1.0,-9.55045610949,-2.83674068408
1.0,-9.43707733204,-2.85886520066
1.0,-9.72366960244,-3.06918648581
1.0,-8.91557643278,-3.81767375906
1.0,-9.16214494702,-3.00127615897
1.0,-9.18163845168,-2.85845685474
1.0,-9.19712350631,-3.50595825083
1.0,-9.75852626345,-3.65618092507
1.0,-9.93068869908,-3.03184980802
1.0,-10.1731659008,-3.26164333117
1.0,-8.97420584665,-3.38069846517
1.0,-8.8652781635,-3.1338492236
1.0,-9.4966025896,-2.93208688043
1.0,-10.4717076364,-2.88455625265
1.0,-10.5626043152,-2.43243748079
1.0,-10.367559638,-3.18324216478
1.0,-9.22365725611,-2.54194333354
1.0,-10.1280756041,-1.98312338587
1.0,-9.47531984068,-1.71242662972
1.0,-9.7048358349,-1.5947919606
1.0,-9.59069755153,-2.73962557649
1.0,-8.8143152006,-2.69028676765
1.0,-8.92622166225,-2.28948157107
1.0,-9.60360654827,-2.75614368308
1.0,-9.03289006961,-2.26747387952
1.0,-8.87977102533,-2.01662664531
1.0,-9.31871937437,-1.03713369018
1.0,-9.95918782524,-2.98090935305
1.0,-8.84640904765,-1.61663293854
1.0,-10.3130094476,-2.10940534168
1.0,-9.09736271638,-2.22664770169
1.0,-9.33515513416,-2.47888236475
1.0,-9.6111812321,-2.94530150319
1.0,-10.771103563,-2.00883136524
1.0,-10.9439799741,-1.53543655406
1.0,-8.89556770852,-1.916237735
1.0,-9.76579262926,-1.97318477604
1.0,-10.0596341459,-1.57953211837
1.0,-9.13003957494,-1.4200784054
1.0,-10.0641854726,-2.32059073455
1.0,-9.43713561223,-1.35569171181
1.0,-9.67362949944,-1.5609363136
1.0,-9.57826577648,-1.27588753641
1.0,-10.9772334989,-0.653639882423
1.0,-9.69716001444,-1.16503749094
1.0,-10.2591498766,-1.14986333322
1.0,-7.97194544537,-0.731691434852
1.0,-10.0566908139,-1.03434951591
1.0,-8.89742172412,-0.988265224642
1.0,-9.01541089376,0.219353561567
1.0,-9.82336467458,-0.605136740119
1.0,-9.81039115719,0.127549242592
1.0,-9.02203958034,-0.968337437774
1.0,-9.888820773,-1.20479988053
1.0,-9.94635225942,-0.180430083406
1.0,-10.424776805,-1.31956916732
1.0,-10.4979265672,-0.332715023307
1.0,-9.84042245371,-0.204872553542
1.0,-9.93899773079,0.403973487671
1.0,-9.8211009441,0.320261955683
1.0,-10.8211995791,0.00587508962597
1.0,-8.99166801276,0.190817580433
1.0,-9.42445215432,0.527004870053
1.0,-8.98756254005,0.565333762589
1.0,-10.4327812557,-0.0375104883366
1.0,-10.2622712053,0.390606973457
1.0,-9.31385832472,0.655058247659
1.0,-10.6205890736,0.307098550644
1.0,-10.413796595,-0.0556406777533
1.0,-8.78554012364,0.0383375896846
1.0,-10.4878981019,0.456686440256
1.0,-9.39988736193,1.35018283957
1.0,-9.75759176138,0.483671129216
1.0,-9.8201299772,0.784695670972
1.0,-9.75704195011,0.324743087071
1.0,-10.5044351014,0.616945030211
1.0,-10.6399782139,1.29282950668
1.0,-9.20962624624,0.586777840841
1.0,-8.82151729516,1.02814732505
1.0,-9.1138530569,1.56026497742
1.0,-8.61247659158,1.54851423844
1.0,-10.7218679366,0.590077263896
1.0,-9.00960066694,1.66983158925
1.0,-9.68606406035,1.70191320161
1.0,-10.3029811518,0.853025652326
1.0,-9.63963505744,1.68991488266
1.0,-10.2828691809,1.39297996698
1.0,-10.4395352148,1.99464777899
1.0,-9.19591100745,1.56898680933
1.0,-9.03827731332,2.26714345872
1.0,-8.81992931013,2.08323950667
1.0,-9.5222893521,1.94232162918
1.0,-9.61085212228,2.58652322562
1.0,-10.9494930193,1.86045838003
1.0,-10.3623769406,1.55508716403
1.0,-10.205253902,2.08647620334
1.0,-9.37288676366,2.72072734848
1.0,-9.40486882712,2.41228735371
1.0,-10.5153082594,1.86188835207
1.0,-9.52504310021,2.78020703355
1.0,-9.23592000651,2.54894366442
1.0,-9.9949667715,2.89556843199
1.0,-10.3702555318,2.45696106706
1.0,-10.8951425229,2.42507302349
1.0,-9.11197158007,2.76150668499
1.0,-8.19487345762,3.79601212685
1.0,-9.28286871331,2.50033329068
1.0,-10.2747718291,2.51514245918
1.0,-8.58130830967,2.96962219068
1.0,-8.96080191041,3.33958592557
1.0,-9.82372729408,3.62833865395
1.0,-9.47493803414,2.80723146264
1.0,-10.0798259831,3.64286166337
1.0,-10.1364307245,3.96923797038
1.0,-9.60283535993,2.76701551337
1.0,-9.47364691652,3.46522740073
1.0,-9.95837366084,4.05799709728
1.0,-8.29562055532,3.37020768658
1.0,-9.70135550727,3.84936429271
1.0,-10.2000690836,3.92592288152
1.0,-9.11999693927,2.50261683802
1.0,-9.0282841742,3.21632254807
1.0,-9.58603553014,2.75975122471
1.0,-9.56029420016,4.22802181327
1.0,-9.30603299714,3.1325307609
1.0,-9.99202761388,4.28227249949
1.0,-7.80994356499,4.84201762045
1.0,-10.1199074943,3.93631800596
1.0,-8.87674994438,3.98472051166
1.0,-8.32160482339,4.68827834834
1.0,-7.97312500378,4.69754453036
1.0,-9.21313342587,3.81634742048
1.0,-7.82540515721,4.594177237
1.0,-8.18848068363,3.95089523712
1.0,-7.57645692083,4.81698554525
1.0,-8.09422063107,4.23916997399
1.0,-8.77171363591,4.59188063805
1.0,-9.16495475842,5.07113271831
1.0,-9.65971608835,5.04965803204
1.0,-9.36217016224,4.76599772535
1.0,-9.283592243,4.73833186638
1.0,-7.9710674551,5.21997555422
1.0,-7.86191689709,4.17257876894
1.0,-8.60103509753,4.78845416681
1.0,-9.1199546494,4.49996662919
1.0,-7.97526166664,5.28870940917
1.0,-7.96261527378,5.07644409251
1.0,-9.78525496802,5.79431229284
1.0,-8.53724029685,6.11133615262
1.0,-8.58800855407,4.6256751676
1.0,-8.85907405316,4.86094233285
1.0,-8.30734993696,5.19994452737
1.0,-8.61682213121,5.83051364685
1.0,-6.94835334945,5.13593265642
1.0,-7.75913276962,5.97476274267
1.0,-8.14198892627,4.62917521944
1.0,-6.95941022098,6.01588899854
1.0,-7.98869599432,5.8704163575
1.0,-8.59463832647,6.12560738624
1.0,-6.67341817389,4.67506749237
1.0,-7.78060611464,5.59182643253
1.0,-9.57531248828,6.27697815453
1.0,-8.2990812108,6.11767216685
1.0,-7.22377359314,4.97857115123
1.0,-6.9995835622,6.27014335556
1.0,-8.20876450146,5.51897435719
1.0,-8.08019077256,5.37072295268
1.0,-8.04975878484,6.06102040036
1.0,-8.91794336499,6.5829792711
1.0,-7.20650119143,6.19915431135
1.0,-7.8690661877,6.42442813868
1.0,-9.04819081573,6.35055360372
1.0,-9.28178239766,5.90939048523
1.0,-8.34958022079,5.89167246285
1.0,-7.03074237657,6.22533540326
1.0,-7.59711075566,6.89573565054
1.0,-8.03367665296,6.05042243421
1.0,-8.43077597468,7.25315418777
1.0,-7.08226840662,7.09919704285
1.0,-8.21085048016,6.03898359917
1.0,-7.77444213461,7.29355095916
1.0,-7.91720517373,7.53248715554
1.0,-8.25938744653,6.82523842765
1.0,-7.42260001807,7.43501748291
1.0,-7.95712866325,6.52826790839
1.0,-7.77487942596,6.9178415087
1.0,-6.68952139743,6.90372843103
1.0,-7.20448025326,7.56861815867
1.0,-6.2106703088,6.38058397875
1.0,-5.5159119425,6.74547979295
1.0,-6.91558431092,6.56843627397
1.0,-6.90764777551,7.09731147607
1.0,-6.80901631802,6.96660027337
1.0,-5.8817596575,7.030673865
1.0,-7.24049852892,7.87981368957
1.0,-5.5602163417,8.13152658497
1.0,-7.18594045402,7.58732713892
1.0,-7.49799610244,7.14264460043
1.0,-7.12894122206,7.82510114681
1.0,-7.16104038579,7.92892062995
1.0,-6.5998860043,7.53849158681
1.0,-5.84477239511,8.00231438448
1.0,-6.32727635918,7.46688880768
1.0,-6.83021009399,8.19936158365
1.0,-6.5772167775,7.64644886099
1.0,-6.87737044913,7.33559357162
1.0,-5.64267907021,7.39215746018
1.0,-6.49302428058,7.0932039516
1.0,-6.51467069826,8.62214864304
1.0,-6.68249732116,7.60171566993
1.0,-5.54342517523,7.51907219393
1.0,-5.7267679517,6.44594206741
1.0,-6.07932748896,7.62244169567
1.0,-5.82840444023,7.62067310711
1.0,-5.35769415486,8.15318727395
1.0,-5.08982534646,8.42007610642
1.0,-6.31100019375,8.81432055297
1.0,-5.97816674712,8.33154064482
1.0,-6.51201709542,8.21605548671
1.0,-5.1659939559,8.6178355833
1.0,-4.31854200567,8.20802508448
1.0,-4.76465243473,8.70096510838
1.0,-3.94800743775,7.79439777749
1.0,-4.71283028951,8.3421447087
1.0,-5.34828223928,8.48647826355
1.0,-4.79125025881,7.88394085285
1.0,-6.27553685485,8.09054517607
1.0,-4.85681154262,8.30544968447
1.0,-4.75820203153,9.10255804444
1.0,-4.85959433538,8.49051553807
1.0,-4.97039013456,8.33738238573
1.0,-5.16699397261,9.44524884925
1.0,-4.1694328637,8.44724491252
1.0,-4.61900475691,8.8862372158
1.0,-4.28343324298,8.77260332491
1.0,-4.08425781795,8.35219464435
1.0,-5.67792412018,9.64489204909
1.0,-3.7277293883,7.70235117703
1.0,-3.96005845244,9.06459941397
1.0,-4.21196813848,10.1830385164
1.0,-5.23544232708,9.33919922103
1.0,-3.34246794447,10.0550046453
1.0,-7.10714745815,8.73001546743
1.0,-3.33855104701,9.26414679972
1.0,-4.00898115065,9.29488360959
1.0,-2.7522350796,8.91978011726
1.0,-5.79866947932,8.41529787075
1.0,-3.26817403207,9.93604550444
1.0,-3.84161088164,8.73906106949
1.0,-2.8538289342,9.57232425092
1.0,-3.93369455418,8.35904516976
1.0,-2.17133467443,9.43317674685
1.0,-3.74084293772,9.11396114299
1.0,-3.61814920028,10.132563859
1.0,-3.99816972987,9.28470488193
1.0,-4.36932215532,9.27259990909
1.0,-4.68974816127,9.42731557585
1.0,-3.79192913816,9.09808847778
1.0,-3.33589651033,9.12101616462
1.0,-2.57022920826,9.40435067002
1.0,-4.22536208461,9.81136827964
1.0,-2.92492420216,9.97505894216
1.0,-3.57361080667,9.31432459561
1.0,-1.68311962255,9.43247784373
1.0,-3.74719196259,9.52247970851
1.0,-2.47255612278,9.49219154442
1.0,-2.34403151925,9.35963698933
1.0,-3.88449450496,9.62562767573
1.0,-1.82617937229,10.1954724512
1.0,-1.20284018353,9.26758288619
1.0,-1.92380475233,9.79722105503
1.0,-2.70804134672,10.155767229
1.0,-2.796975894,9.35484792992
1.0,-1.93951639211,9.81019188458
1.0,-2.58503193267,10.8599764946
1.0,-2.49167344809,10.6187788421
1.0,-2.56063741928,10.1551614049
1.0,-2.77213592187,9.75631648745
1.0,-2.21360816153,9.85173430869
1.0,-1.31706100126,9.19429974089
1.0,-3.48640901299,9.99255922463
1.0,-1.84266003213,10.0653435121
1.0,-1.56408627856,10.3953439639
1.0,-2.53430954082,9.07218247165
1.0,-1.26733242301,9.81367459842
1.0,-1.12546344364,10.3242929166
1.0,-0.836490200104,10.2473345194
1.0,-0.889310302173,9.21708913062
1.0,-1.50178643088,10.3493609495
1.0,-1.80855017259,9.24022122955
1.0,-1.73226804419,10.0414437341
1.0,-1.6681545658,10.8453021702
1.0,-2.0790527602,9.87516384157
1.0,0.0271866105721,10.2733147447
1.0,-1.31616226276,10.0324296934
1.0,-1.74171772539,9.80435452038
1.0,-1.5866366432,10.675035044
1.0,0.224648858032,9.77042012437
1.0,-0.307453921369,9.90639852579
1.0,0.0259537533283,9.71659072743
1.0,-0.837607531059,9.90500165702
1.0,-0.71327355477,9.83036864127
1.0,-0.908880830489,9.50072484095
1.0,-0.432035549675,8.82552874754
1.0,-0.349076164478,10.1094833275
1.0,-0.12584195838,9.35440808091
1.0,-0.245410657725,10.2367489014
1.0,-0.185730042556,10.6877391246
1.0,-0.106289118947,9.88781276854
1.0,-0.545085036317,9.55187367468
2.0,-1.45032795,5.39695870919
2.0,-0.0936391195169,4.76711356731
2.0,-0.366349545327,4.69875936142
2.0,-0.188358182919,4.66873176563
2.0,0.803233311806,4.63538798025
2.0,-0.280180752167,4.27907457119
2.0,0.127251127364,5.24267243568
2.0,1.03482178883,4.06315784261
2.0,-0.47023997128,5.11370341453
2.0,1.09792728284,5.96627682492
2.0,0.565675759703,5.22132305042
2.0,0.0973770870859,4.25050292781
2.0,1.10157841474,4.76389914148
2.0,-0.42546066655,5.28260954135
2.0,0.0700473280082,4.38933086515
2.0,-0.841255021924,4.55706229626
2.0,1.193452919,4.70095370259
2.0,0.916238663005,4.94339986297
2.0,1.73967472022,5.58728160314
2.0,-1.01456209628,5.05033352893
2.0,0.923653690277,4.2729696159
2.0,0.718155532305,4.27310920512
2.0,1.02917164339,4.86914220929
2.0,0.538978303964,4.78073399196
2.0,0.260786904707,5.4492198732
2.0,0.478824512339,4.22492520755
2.0,0.662295112943,4.63197336587
2.0,1.39991680322,4.46038075203
2.0,-0.253230636198,5.48678740659
2.0,0.469895854085,4.85028427864
2.0,-0.040558078714,4.35878038646
2.0,2.17604835561,5.44929620267
2.0,0.986016761759,4.21807615833
2.0,2.13653319723,4.97040215036
2.0,0.977555377129,4.98826265144
2.0,2.09855664818,5.49007399887
2.0,1.8767548839,4.895849654
2.0,0.92152393903,4.74461416443
2.0,1.11520101353,4.87273442519
2.0,1.67703907073,4.99701441786
2.0,2.22945800803,5.39081739266
2.0,1.51761431245,3.62249301054
2.0,1.3814323377,4.16135850211
2.0,0.806156331998,4.88132077686
2.0,1.17752203768,4.21248306981
2.0,0.240600942919,5.26544197197
2.0,1.16041464383,4.29088371173
2.0,0.52824943413,4.10945117079
2.0,2.05543542248,5.57020577167
2.0,2.79511579603,4.38971786157
2.0,1.73605719798,4.96878144194
2.0,1.91078782635,5.02612701351
2.0,1.57448332341,4.85773869731
2.0,2.77022449845,4.80860926896
2.0,2.21636634999,3.84335897043
2.0,1.42680134811,5.49695919939
2.0,2.24899469734,6.21138527405
2.0,2.24334897833,4.43771064226
2.0,2.29363989285,5.10523568162
2.0,2.7263355552,4.80393257968
2.0,0.540077492489,5.73960334876
2.0,1.81806013727,4.4993058404
2.0,2.33850249295,4.58812047815
2.0,1.23994076922,5.53071951897
2.0,1.94231082608,5.4510972618
2.0,2.34068798915,4.63659407749
2.0,1.6651268508,4.49759267906
2.0,1.98203977121,3.34468210853
2.0,1.9234935714,4.36267364487
2.0,1.63183484101,4.6641068186
2.0,3.02139702489,4.41247405386
2.0,2.74946874013,4.73210291414
2.0,2.81894242318,5.25889459978
2.0,0.896849725392,4.62950515429
2.0,2.83778254384,3.98991106301
2.0,2.96087889974,4.02316626876
2.0,3.02107005569,4.21661457758
2.0,2.02803812587,4.80135594205
2.0,2.87828386659,4.869515229
2.0,2.78399278381,4.98752303587
2.0,3.25613900045,4.48721501893
2.0,2.42162354691,5.00700601722
2.0,0.785422996964,3.71567607301
2.0,1.65883141845,4.48097019588
2.0,1.61417583173,4.89370461575
2.0,2.53016172396,3.97586290699
2.0,3.1770182305,4.24028078584
2.0,3.28974145845,4.60530840129
2.0,1.87211962943,4.04835534752
2.0,2.71059563319,4.55604006917
2.0,3.31855163671,4.15352857664
2.0,1.52576332319,3.21565191301
2.0,4.04325277123,3.27760914783
2.0,0.692074212284,4.07037667455
2.0,2.8414891531,3.01837900731
2.0,2.23693873344,4.1164128484
2.0,2.82297118187,4.51581262516
2.0,1.94255305519,2.81477138361
2.0,2.31107957875,3.86395027992
2.0,3.53311860746,3.65013325142
2.0,1.8424966427,2.82420193542
2.0,3.58649674793,4.09002902151
2.0,3.77670787206,4.03765690322
2.0,3.11736039516,4.04434157649
2.0,1.41991427222,4.00192760331
2.0,2.30749571724,3.9770772564
2.0,2.64178846532,3.97946065842
2.0,3.54939239599,2.45882664171
2.0,2.66399069678,3.49108067948
2.0,3.16067467427,3.58170121712
2.0,3.09915640567,3.9641205259
2.0,1.97645965884,3.98450827857
2.0,3.30324078591,3.18228030953
2.0,3.45386384975,4.10212587402
2.0,5.42745050337,3.46094645759
2.0,2.42428341472,3.91096859688
2.0,3.03409233184,3.45109943752
2.0,2.9911716524,3.36448614251
2.0,3.45021109795,4.0947746241
2.0,2.70572762952,3.35669753488
2.0,2.8322359826,3.26625434475
2.0,4.20534909107,2.94562520244
2.0,4.34455423866,3.70618806715
2.0,3.58984736598,3.54536158015
2.0,3.18708269894,3.48927043814
2.0,4.11755109365,4.30890740724
2.0,2.63611077622,3.27020267804
2.0,3.27438050698,3.43163076924
2.0,4.05951945324,3.6776982408
2.0,2.57162721221,3.65347090011
2.0,3.69331076858,3.50359612013
2.0,3.6164351607,3.80501298224
2.0,3.48011161955,2.9039367346
2.0,3.95033580603,4.13083959564
2.0,3.50972827344,2.87642706204
2.0,3.84232101555,2.81045383804
2.0,2.48905223608,2.70312306783
2.0,2.37564935247,3.75195809903
2.0,3.19763195259,3.97784658769
2.0,3.39173063922,2.85474281058
2.0,3.28640748447,3.68157478892
2.0,4.01191348536,3.72391530588
2.0,4.33251879991,2.3266318595
2.0,4.79474461549,2.90554167334
2.0,3.4014567707,3.56824810525
2.0,4.03950264581,3.40840886278
2.0,4.39763580482,2.89305124895
2.0,3.57525416296,3.16926655303
2.0,5.67125895869,3.28358003781
2.0,3.99173867551,2.39958191404
2.0,4.96077514403,2.62302968133
2.0,2.90706106402,3.22910728296
2.0,3.45450940455,3.15460847941
2.0,5.87198377844,1.94019131529
2.0,4.1941674202,2.68328908784
2.0,3.30325824463,2.6097051792
2.0,4.42467399709,2.47296089743
2.0,4.22394761025,2.61618207461
2.0,4.9184886026,3.32447015024
2.0,5.28307609327,2.54595247189
2.0,3.49699399928,2.64361159057
2.0,4.5460249974,2.87369309217
2.0,5.19196897518,2.64086226295
2.0,3.81229575449,2.2878766877
2.0,4.06096728977,2.95298852677
2.0,5.26239403105,2.56070805604
2.0,4.02612742568,1.48269395352
2.0,5.1446761984,1.89141563042
2.0,4.06596797754,0.767982379308
2.0,5.18648142816,1.79037098236
2.0,5.12063037402,2.5892649284
2.0,4.60330777005,2.18330168118
2.0,6.40420217636,2.56598839533
2.0,5.47395106023,2.97855493959
2.0,4.37180749845,2.49735342353
2.0,4.30160077772,1.98045169145
2.0,5.43478789499,1.79562093227
2.0,5.0127709283,2.55164553672
2.0,5.03701133758,1.94808378628
2.0,4.97420647478,2.54183000383
2.0,5.66553824866,2.5121289262
2.0,3.91664959064,1.8487090208
2.0,4.54213401819,1.6165800603
2.0,4.39597983529,2.36033886299
2.0,5.24100824111,2.90703248576
2.0,5.13447766851,2.53032873613
2.0,4.54790739259,1.38577438186
2.0,3.83019691344,0.8791891786
2.0,3.96158260112,1.6253017411
2.0,4.79033408341,2.06376897506
2.0,3.81069599591,1.08769812652
2.0,5.0111272458,1.29885457668
2.0,4.75011935974,1.89216032895
2.0,5.43373723722,1.96158237526
2.0,4.19584195525,1.43517909189
2.0,4.84777841623,1.19643334289
2.0,4.35498109196,1.83676982683
2.0,5.57872550989,1.26725972848
2.0,5.25844508908,1.99355848115
2.0,3.74687212965,1.13118307204
2.0,4.40894770278,2.08877085935
2.0,3.57467533594,2.13405872945
2.0,4.30702507594,1.61388001303
2.0,5.34267662273,2.19320263934
2.0,4.66960483171,1.53565643886
2.0,4.07406481215,1.69432680272
2.0,5.21307780811,0.943848376643
2.0,5.74192331893,1.09814235845
2.0,4.73432964545,1.2614509518
2.0,6.51743081405,1.63451605731
2.0,5.64856757369,0.855658009931
2.0,3.98872359525,0.682727931634
2.0,4.51260293114,0.911995771839
2.0,4.50782979961,1.54623488251
2.0,6.10986531365,1.38806218626
2.0,5.46886479678,0.819560713815
2.0,6.55533223493,1.27120655209
2.0,5.26440348513,1.20001746217
2.0,6.87875141049,0.378994481705
2.0,4.08326250281,1.41998626148
2.0,3.70773361341,1.32902270699
2.0,5.802541906,1.34832471669
2.0,6.099208214,1.58673954582
2.0,5.06456008476,1.00798006423
2.0,5.28323386089,1.15493626751
2.0,4.69289805707,0.351746386286
2.0,5.21342602642,0.851016591223
2.0,5.21446205058,0.598472997549
2.0,4.29684179896,0.469671098354
2.0,5.27820288355,1.32133590105
2.0,4.56431857778,1.3516909289
2.0,3.07751063921,-0.0675447556158
2.0,3.86138780745,0.499273627409
2.0,4.74580288648,1.40626362056
2.0,4.00070040116,-0.324431651181
2.0,5.80388684734,0.223919136189
2.0,4.28254336307,0.690364026259
2.0,5.81376680627,0.525350452537
2.0,6.04809820895,-0.0492067476489
2.0,4.65114615954,-0.328345704516
2.0,4.29929789486,0.860900950269
2.0,4.52407297762,0.997128845475
2.0,5.41157447687,0.124620757449
2.0,6.46542836192,0.514742694083
2.0,5.18562499995,0.702876881089
2.0,6.33273929364,0.689595982585
2.0,5.78792007555,-0.531878367494
2.0,5.21756186016,-0.262173109461
2.0,4.34593682727,0.184912372094
2.0,4.40957296717,-0.0237967766603
2.0,5.84015954349,0.306597112672
2.0,4.25508868119,0.47380989674
2.0,5.50260299991,0.100435185837
2.0,5.19862811166,0.0658271249772
2.0,5.7550242089,-1.45577570414
2.0,5.23528052036,-0.501133943782
2.0,5.13510744045,-0.34738023618
2.0,4.35472852072,0.852628699442
2.0,3.63960628719,-0.060988733718
2.0,3.7076885623,-0.523609368643
2.0,3.28115359537,-0.659400232223
2.0,4.54196203548,0.435375775882
2.0,5.26253011034,-0.279330195252
2.0,5.15537352328,-0.387876847955
2.0,5.48467268933,-1.62864706522
2.0,6.50398854452,-0.618621604771
2.0,4.21241439522,-1.4237320572
2.0,5.12554796258,-0.689524245586
2.0,6.57963200993,-0.813377358476
2.0,5.61069692233,-0.689677236991
2.0,4.58387303053,-0.632057114868
2.0,5.68156482622,-0.862720511342
2.0,5.51131842036,-0.393460967387
2.0,4.47040006321,-0.928553256791
2.0,5.24865538605,-0.488093896835
2.0,4.20841842899,-1.41891214523
2.0,4.05305438507,0.131375656775
2.0,5.60378340856,-1.01525949252
2.0,3.26964738857,-1.10275065519
2.0,4.54630145434,-0.937760942152
2.0,5.56748054631,-0.302591468191
2.0,5.12734203552,-0.170140496317
2.0,4.49828010627,-0.604477710186
2.0,5.55890825078,-1.11807120298
2.0,3.63883163184,-0.836952928714
2.0,5.86124177103,-1.08902666198
2.0,5.95717805426,-1.09851753998
2.0,5.87508863517,-1.14188760665
2.0,5.1487727823,-1.55881976552
2.0,5.35880860979,-1.30199744426
2.0,4.26641038081,-2.54235698435
2.0,5.65039245417,-1.10018943109
2.0,4.61231174402,-0.723634096655
2.0,4.27884113847,-1.79371212102
2.0,5.17057800797,-1.11788870462
2.0,3.6717253505,-1.46718816756
2.0,4.59147830261,-2.04233693595
2.0,4.58475807282,-1.02377310002
2.0,6.37630759507,-1.49798933382
2.0,3.93141325029,-1.9095515321
2.0,4.82629914997,-0.785565700223
2.0,4.99080099399,-0.819750032482
2.0,5.50551486628,-2.21751437205
2.0,4.5487576037,-0.828028113939
2.0,4.76367994497,-2.16303964084
2.0,2.78902617605,-1.31964998784
2.0,4.66537807154,-0.402290434734
2.0,4.73494503888,-2.4466776189
2.0,4.22502694143,-2.27758162934
2.0,4.2571729288,-2.35691460283
2.0,5.49268993588,-2.60515874516
2.0,3.9171175751,-2.25091305022
2.0,4.85474466539,-1.70040491721
2.0,4.82789663432,-2.76304191133
2.0,3.07206722941,-2.81453827536
2.0,5.01142783635,-1.68222934071
2.0,4.06910993888,-2.41010534981
2.0,3.97159126799,-0.896733583528
2.0,4.4944825672,-2.04053704297
2.0,5.3725169593,-1.71853381845
2.0,3.99023038903,-2.0173720653
2.0,3.42238163586,-2.27742892823
2.0,4.88096164735,-1.09040753507
2.0,3.92821302352,-2.004439432
2.0,5.31671004096,-1.41641734423
2.0,3.88697107724,-2.27777241441
2.0,5.05297526544,-2.74493688381
2.0,3.33061319466,-2.83505399383
2.0,4.61755568119,-2.1903938973
2.0,4.96200794391,-2.43172551498
2.0,4.08508565223,-3.37588188216
2.0,3.85178771412,-2.05218474633
2.0,4.34604978732,-2.71623741742
2.0,4.54664675919,-1.96536558617
2.0,3.54814918559,-2.36506209201
2.0,3.70855050347,-1.9464642961
2.0,3.64856657442,-3.52954922383
2.0,6.0098471998,-2.58159586243
2.0,4.54386945994,-2.2389792538
2.0,4.48520348979,-2.06869533989
2.0,3.21481588327,-2.44753382169
2.0,3.48248567566,-3.08165219926
2.0,2.80713556282,-2.90315255232
2.0,3.79198392124,-2.94497739197
2.0,3.89364748911,-2.13332829167
2.0,5.81923819126,-3.34019091967
2.0,5.22346018577,-3.10046726623
2.0,3.59652694597,-2.40439809221
2.0,4.61120764676,-2.37597284748
2.0,3.52529627068,-2.21599373113
2.0,3.15814388935,-3.63125702168
2.0,3.38071574902,-3.12478251853
2.0,4.80946187434,-2.94832927797
2.0,3.89101537214,-3.2607945551
2.0,4.91213761301,-3.20194729096
2.0,3.80047927021,-3.24868818778
2.0,2.66819908837,-3.70349573538
2.0,4.40891070606,-3.07143170632
2.0,4.54416002578,-2.76252957066
2.0,4.25432358844,-3.47779100627
2.0,3.39441867325,-3.02173082016
2.0,2.94433357362,-2.98229381656
2.0,4.91594645656,-2.88185509002
2.0,2.95811823562,-3.83801466103
2.0,4.41508265932,-3.6739182387
2.0,3.57124577831,-3.14712966042
2.0,3.58837871751,-3.94167300629
2.0,2.19048872574,-3.51081293703
2.0,3.48023397287,-3.40329108026
2.0,2.56092845457,-3.4825557897
2.0,5.64413182085,-4.2231020635
2.0,3.73383378092,-3.0566703852
2.0,2.50487340529,-3.55126824324
2.0,3.34389201189,-3.87694230362
2.0,4.13884347167,-3.93244545496
2.0,3.19089102599,-3.61538480237
2.0,1.88579730395,-2.83641797633
2.0,3.51723817482,-2.96713516334
2.0,3.57959433929,-3.80566528764
2.0,3.25988548201,-5.23113482941
2.0,3.67621311094,-3.89350933486
2.0,2.86170972341,-4.26560879572
2.0,3.53830797783,-2.70450057545
2.0,2.93086151914,-3.82077757943
2.0,3.73864513485,-3.60156862295
2.0,3.56804498872,-3.54335702812
2.0,3.15754252129,-3.58473686547
2.0,2.30886254535,-3.88039979395
2.0,3.77164801201,-3.1933050563
2.0,3.09102910227,-3.72010203355
2.0,3.00064739872,-3.26685658052
2.0,3.82247173068,-3.28545439922
2.0,3.1149657383,-3.55719333645
2.0,2.73566646799,-3.32084830185
2.0,3.313674728,-3.74144278834
2.0,2.3399254826,-3.9846585113
2.0,3.06492023653,-4.12418455108
2.0,3.67949934269,-4.5481401349
2.0,4.10274914007,-4.17754625829
2.0,2.71672308181,-3.52734570197
2.0,3.3183103598,-3.786918978
2.0,2.66206716597,-3.3816267508
2.0,0.967713809528,-3.70905464967
2.0,3.0871655997,-3.73957126049
2.0,3.29541230737,-4.2909749382
2.0,3.03089093399,-3.22534303284
2.0,2.98446262141,-4.85827635004
2.0,2.92082336152,-4.97607224388
2.0,3.23524622391,-4.85620057192
2.0,3.32059648287,-3.40523585324
2.0,2.78215794398,-3.73832236772
2.0,3.59568736382,-3.64035754679
2.0,2.36513667436,-3.37591757937
2.0,2.50424988938,-4.20733238691
2.0,2.26003426982,-3.9563747492
2.0,2.10293890784,-4.00797963346
2.0,2.86856885005,-4.73330874496
2.0,2.44729065575,-4.17431754859
2.0,2.44623753341,-4.14201816512
2.0,2.76870540137,-5.03887150647
2.0,1.67951758553,-4.90114650136
2.0,2.12754051862,-4.53845216465
2.0,3.54059979695,-4.42904211153
2.0,4.0527394027,-3.71710066855
2.0,2.47766734367,-3.82817595612
2.0,2.86433999818,-4.94392738566
2.0,2.4117854696,-5.21374805186
2.0,2.00435878277,-4.95003998697
2.0,2.14844493308,-4.90749335516
2.0,4.25433238493,-3.91328367394
2.0,2.03763414578,-4.71586329622
2.0,1.80921039567,-5.1758752832
2.0,0.72126206478,-3.97730441168
2.0,1.17162570738,-3.55118983368
2.0,2.83750680877,-4.81601846816
2.0,1.40712733842,-4.11338866306
2.0,0.628975345157,-4.73636479669
2.0,2.37218842406,-4.30982664351
2.0,2.3398842006,-4.81515982487
2.0,2.16615473252,-4.14579000071
2.0,1.89574426331,-5.12362268035
2.0,1.35199035307,-4.46485224269
2.0,0.278490212501,-4.86593439766
2.0,1.36701124475,-4.97145794538
2.0,0.971827840761,-4.75956147045
2.0,2.14169228767,-4.97515219699
2.0,1.164025963,-5.40972320425
2.0,0.697139805314,-4.42246329822
2.0,1.12609030749,-5.33941014478
2.0,2.59068661101,-4.52286088694
2.0,1.18758848613,-4.1209736454
2.0,1.98575526898,-4.6471295644
2.0,1.71550668184,-5.31239202619
2.0,1.31461512432,-4.155473339
2.0,2.42426809724,-5.34849720322
2.0,1.28301777114,-5.32599533482
2.0,1.66728979801,-4.74070734502
2.0,0.875252722454,-5.18313936577
2.0,1.26400592394,-4.20606564998
2.0,1.45195033124,-4.58580577646
2.0,0.488301087766,-4.80529319273
2.0,0.981440525848,-4.79130782041
2.0,1.24210214206,-4.90500288005
2.0,1.76286032817,-5.24322688264
2.0,1.0390329792,-4.57767901392
2.0,0.658018299921,-4.47230094714
2.0,3.61805639389,-5.79882475002
2.0,-0.244697871837,-5.15085446744
2.0,1.39076039185,-4.28696853349
2.0,-0.509013525669,-4.67938242549
2.0,1.30211262411,-4.76383582703
2.0,2.03675974475,-5.19772362292
2.0,0.639129003899,-4.01002269942
2.0,1.45678479708,-4.22488407177
2.0,0.525217128123,-5.17396992694
2.0,1.07019707308,-4.39096700796
2.0,-0.325181700842,-4.43751118858
2.0,0.107381173802,-5.48580691671
2.0,0.517239400647,-4.41321553957
2.0,1.02677091765,-5.42590965727
2.0,0.592059457371,-4.33159780019
2.0,1.61179862937,-5.59815697683
2.0,0.208409511144,-5.57431050076
2.0,-0.136697480561,-4.77746755607
2.0,0.83238840412,-5.71385481307
2.0,1.75006910326,-4.28704859775
2.0,0.376874503079,-6.39342246473
2.0,-0.352197089469,-5.47447604372
2.0,-0.180098998397,-5.13248882159
2.0,1.43701846157,-4.12209984492
2.0,-0.567007850797,-5.58384129123
2.0,-0.886594431751,-5.91793174479
2.0,0.222890474519,-5.48381715629
2.0,0.69908564189,-5.28117795045
2.0,0.420162108708,-4.12917816397
2.0,1.536573588,-4.25556565715
2.0,-0.321805510631,-5.41183352806
2.0,-0.386240207624,-5.24678060785
2.0,-0.747288627624,-4.85643635851
2.0,-0.584850933717,-4.80778658732
2.0,-1.57016334562,-5.58045578575
2.0,-0.176793792973,-4.27977356673
2.0,-0.526091105703,-4.82519847876
2.0,-0.824332760785,-4.70077243241
2.0,-1.01414197771,-4.80428283682
2.0,0.674215988666,-4.40545890124
2.0,-1.47245722529,-4.98865309628
2.0,-0.157663109664,-4.83915172809
2.0,0.62261775167,-5.02738563081
2.0,-0.415149069981,-5.35815583317
2.0,-0.788431213278,-4.53804487912
2.0,-0.08872460409,-6.18057223773
2.0,-0.219495770466,-5.65348635291
2.0,-0.769118594982,-5.30109473672
2.0,-0.387412354241,-4.82026752313
2.0,0.0300252581098,-4.92270230621
2.0,-0.536721145319,-4.40417537151
2.0,-2.33931946772,-4.84317434511
2.0,-0.747662522782,-5.45338758581
2.0,-0.000746956344551,-4.65141217053
2.0,-0.897061479489,-5.11344579867
2.0,-0.432223636828,-5.46771172476
2.0,-0.314627947982,-4.81159394542
2.0,-1.15004240795,-5.1523951623
2.0,0.258734369265,-5.05243538051
2.0,-1.05005442165,-5.49001016446
2.0,-0.653238243886,-5.03337321658
2.0,-2.55056124188,-5.42771311444
2.0,-1.63089126301,-5.05626802634
2.0,0.363102594697,-5.02007885205
2.0,-1.37226081195,-5.86095407017
2.0,-0.122047938936,-5.17767793149
2.0,-0.236107423523,-4.32049963268
2.0,-0.492285967405,-4.80824005363
2.0,-1.32623113808,-5.52245699616
2.0,-0.543898031959,-4.89649280101
2.0,-1.31534273077,-5.28219762022
2.0,-0.890876190463,-4.74537288
2.0,0.0983936387992,-4.89169471946
2.0,-1.66058769755,-4.88379908044
2.0,-2.39904485627,-4.49642058295
2.0,-0.565186335844,-4.75446131537
2.0,-2.47191481669,-4.61316797102
2.0,-2.19268868546,-5.77907780802
2.0,-2.85545450065,-4.84202837667
2.0,-2.47047218396,-4.9165982136
2.0,-1.55693241054,-4.09843280352
2.0,-1.79347088187,-4.4755621382
2.0,-1.3347945119,-4.03990918961
2.0,0.275314424432,-5.00661607522
2.0,-2.07940308501,-3.70247361065
2.0,-1.21226632961,-5.33580227364
2.0,-1.23403062745,-5.56176609544
2.0,-1.53997346611,-4.97850930907
2.0,-1.9293515524,-5.00210421098
2.0,-1.58027110862,-5.20825292125
2.0,-1.89098539987,-5.52120067326
2.0,-2.86095268956,-4.26550561014
2.0,-2.3480371782,-4.92534671442
2.0,0.0366182972266,-4.14703181493
2.0,-1.86214302247,-4.66188299813
2.0,-2.52863742464,-4.56053998978
2.0,-1.58564128139,-3.58232936033
2.0,-1.65801023591,-4.02875110576
2.0,-1.76320522137,-4.30069536942
2.0,-2.67433472423,-3.96507446638
2.0,-1.76428507997,-5.10030794262
2.0,-1.72653146791,-5.6973019404
2.0,-1.92104337698,-4.05372875717
2.0,-1.55830735263,-4.22736485363
2.0,-2.01596139438,-4.67018298615
2.0,-2.65358562379,-4.15189635393
2.0,-2.31672673501,-4.96897986869
2.0,-3.01842248156,-5.01680805929
2.0,-2.07730447069,-3.78621534938
2.0,-2.37428534799,-3.81002745626
2.0,-1.82567117864,-4.53520470217
2.0,-1.34327818701,-5.01252856998
2.0,-2.70986722816,-3.90466376824
2.0,-3.97205377799,-5.10629885051
2.0,-2.1130939882,-3.7398442093
2.0,-2.62098056944,-4.0200992639
2.0,-2.0957696456,-5.45137758754
2.0,-2.43336988215,-4.7166076134
2.0,-2.13705674695,-5.1337361718
2.0,-1.80529961322,-5.30906069133
2.0,-1.66740396771,-4.60979519343
2.0,-2.55093272216,-4.67736498278
2.0,-2.9354449029,-4.24186318847
2.0,-0.481239272744,-4.47534223263
2.0,-2.08095969633,-3.859369596
2.0,-3.4640443066,-5.13323077901
2.0,-3.40307953499,-4.42290986241
2.0,-2.85701507843,-4.17564733334
2.0,-2.75176150158,-4.79453264485
2.0,-2.10954044191,-3.45477453042
2.0,-3.43555644656,-3.89734026658
2.0,-2.81288264759,-4.2568994857
2.0,-2.56380912008,-2.99009848936
2.0,-3.87707435469,-4.53141061792
2.0,-1.56195457954,-4.50028944515
2.0,-3.09169685868,-4.04573383673
2.0,-2.97855098991,-4.54278033437
2.0,-3.61606647661,-3.96040710944
2.0,-3.93099639862,-3.79881349432
2.0,-2.74486490354,-4.47009328886
2.0,-2.79867022425,-3.08228397168
2.0,-3.28459199753,-4.77786856062
2.0,-3.23505125232,-3.91326174754
2.0,-3.65122094849,-4.00935010221
2.0,-4.76845599205,-3.40049905513
2.0,-3.90640202227,-3.91821616368
2.0,-3.25730836696,-4.43542249496
2.0,-2.97944688223,-3.31734521616
2.0,-2.48206870791,-4.67174022413
2.0,-3.57952427497,-3.53622324313
2.0,-2.31472825308,-3.74132869754
2.0,-2.92104841738,-3.77495077686
2.0,-4.13155210822,-2.98965979678
2.0,-4.03357256826,-3.48792975759
2.0,-3.10716270759,-3.83148782228
2.0,-3.19322019335,-2.75059413146
2.0,-3.63589373226,-3.6087553108
2.0,-4.50031520004,-3.4691197262
2.0,-3.46350839019,-3.38905826395
2.0,-1.28744193105,-2.83178389268
2.0,-3.7665458139,-3.28796532392
2.0,-3.16408264635,-3.28652099156
2.0,-3.0582842832,-4.21541979911
2.0,-4.0138366057,-4.00721490142
2.0,-3.24605915052,-3.13160770896
2.0,-3.1429980847,-3.4636033284
2.0,-2.68504928874,-2.89730576252
2.0,-4.25183410389,-2.90919313592
2.0,-3.49906351361,-3.21960380032
2.0,-4.3463703179,-3.21666791926
2.0,-5.35458768627,-2.87680909288
2.0,-3.36314113817,-2.78122199136
2.0,-3.76283721074,-3.65908355535
2.0,-2.58925714123,-2.5276989466
2.0,-3.27644103993,-2.68021117654
2.0,-3.92044215914,-3.03947592911
2.0,-4.05841661168,-3.97182710556
2.0,-3.020966464,-2.981193455
2.0,-5.30123543445,-4.1068489428
2.0,-4.76758603181,-2.7112033476
2.0,-4.69064086825,-4.05434970676
2.0,-3.91453202188,-2.45922508561
2.0,-4.38179415551,-3.20339401735
2.0,-2.54686579965,-2.82006634516
2.0,-3.56719744807,-3.14049646606
2.0,-4.45035864137,-3.55403861491
2.0,-4.22705171648,-3.35009107653
2.0,-4.00307307611,-2.67242540884
2.0,-4.64084038764,-3.59466456763
2.0,-3.15632166262,-2.57758989215
2.0,-4.26460697614,-1.97949759131
2.0,-4.93072311068,-3.25258517212
2.0,-4.39796521042,-2.5948662413
2.0,-2.53459322995,-3.18869344675
2.0,-3.33996548153,-2.27093425378
2.0,-3.4504555925,-3.90211597442
2.0,-3.42049236082,-1.50996708359
2.0,-3.87889718238,-3.4742072188
2.0,-4.07143215165,-2.91690778508
2.0,-4.79374176768,-2.73548635293
2.0,-4.53864925989,-3.32946735514
2.0,-4.09630525324,-1.43602961413
2.0,-5.69954321971,-3.2064019856
2.0,-5.4830347141,-2.69170894889
2.0,-4.95630714493,-1.78717237195
2.0,-3.62809752434,-1.815215824
2.0,-3.73838849132,-1.8699733492
2.0,-4.89328293093,-2.55442887526
2.0,-5.56723090156,-2.53283541313
2.0,-5.67137329898,-2.85776488483
2.0,-6.24460926974,-2.55765132352
2.0,-3.19549888322,-2.24945434523
2.0,-4.44318928565,-1.91216472077
2.0,-4.8914053553,-1.9497582938
2.0,-4.61689124586,-1.77308376026
2.0,-4.43959932965,-3.01431714503
2.0,-6.55475543794,-2.15894725888
2.0,-5.24955356478,-2.13987941671
2.0,-4.60559443146,-1.65925801613
2.0,-4.66433389036,-2.3978867647
2.0,-4.73772815417,-1.36169089461
2.0,-4.856555397,-1.460382955
2.0,-4.64828153749,-1.25977968629
2.0,-4.42100332176,-1.68869823589
2.0,-5.03495597044,-2.47094290574
2.0,-4.26194965877,-2.50536697114
2.0,-5.50241890775,-1.66677309364
2.0,-5.30621168201,-1.96403532628
2.0,-4.57096817882,-1.32438159954
2.0,-4.02364789615,-2.45072134963
2.0,-5.56380600561,-2.15643025173
2.0,-2.54010833572,-2.02040058572
2.0,-5.05494466006,-2.31850196656
2.0,-4.07626868167,-0.745022167944
2.0,-4.76502516819,-0.891870048373
2.0,-3.63392049256,-1.3500923835
2.0,-4.61084065192,-1.29267569858
2.0,-6.15772079792,-1.48948819881
2.0,-4.82763896142,-1.56706807152
2.0,-4.93551624859,-1.07927726605
2.0,-4.76383894323,-1.06810154419
2.0,-5.16968005111,-1.80372736822
2.0,-3.74635475184,-1.26229811807
2.0,-5.5994832039,-0.908903818897
2.0,-4.42407536015,-0.652489676404
2.0,-5.31912468607,-1.06715926086
2.0,-4.38247494907,-1.66608425074
2.0,-5.28461024561,-1.33666505138
2.0,-6.05800519302,-0.742096429215
2.0,-4.56609973851,-0.804437192438
2.0,-4.9787869887,-0.908918124104
2.0,-5.27723704404,-1.12852967946
2.0,-4.97182697834,-1.05366968259
2.0,-5.58880778755,-1.63568554107
2.0,-5.43941178431,-1.47926968324
2.0,-4.96573850752,-0.595194428542
2.0,-3.84760645679,-1.13779773996
2.0,-4.2185781042,-0.318696708915
2.0,-4.29567530019,-0.293853941767
2.0,-4.67655601498,-1.20052836024
2.0,-2.7340939498,-1.34374184006
2.0,-5.43953980509,-1.03505334186
2.0,-4.81700150443,-0.853059043165
2.0,-5.22897041879,-0.366687565866
2.0,-3.16928336095,-0.8931911667
2.0,-4.36169881754,-0.502689179016
2.0,-6.49510290439,-0.918042407057
2.0,-5.14954560879,-0.964489822771
2.0,-6.39253304169,-0.815364857652
2.0,-4.52446678346,0.536933658495
2.0,-3.47148495218,-0.469717518388
2.0,-5.84500061992,-0.196045001995
2.0,-4.48595169788,0.171600263994
2.0,-4.66025900186,-0.0151165416793
2.0,-5.05593665336,-0.800307471186
2.0,-3.58691122816,-0.36388386885
2.0,-4.77938413351,0.107986082303
2.0,-5.59106785627,-0.821934156623
2.0,-4.09179854222,-0.477236692936
2.0,-4.30552707977,-0.215120117679
2.0,-3.90532387718,-0.481686049091
2.0,-4.62296530085,-0.762525349192
2.0,-5.04711438314,-0.0787030132676
2.0,-4.4473961416,-0.156915857608
2.0,-3.55897194182,0.176593931822
2.0,-6.29505199699,0.0923410033155
2.0,-4.87430317417,0.506492295858
2.0,-4.85220260289,-0.0208167129812
2.0,-3.49545256502,-0.39842372932
2.0,-5.43848931615,-0.683718946749
2.0,-5.59199961176,-0.0177917707912
2.0,-5.24268681961,0.369786841639
2.0,-5.26404532493,0.204661604343
2.0,-4.86807658446,-0.68122411215
2.0,-5.13462185691,0.938888087957
2.0,-4.90667793596,0.323379652633
2.0,-3.93557409566,0.541089424773
2.0,-5.14207527228,0.462102492979
2.0,-5.68570447786,0.834011204196
2.0,-6.55195214939,0.364768142506
2.0,-3.75610746604,0.195692066023
2.0,-4.26038752488,1.54297684137
2.0,-4.51330812057,0.274219632692
2.0,-6.08599975223,0.617502802335
2.0,-3.97546823158,0.237417835332
2.0,-4.37043481007,0.417026837894
2.0,-4.46080879135,1.62060733596
2.0,-4.68173368019,0.965673716667
2.0,-5.47218331211,0.901559560635
2.0,-4.29981907668,1.01645109024
2.0,-4.74415185892,0.938672292578
2.0,-5.13668502775,0.335649876964
2.0,-4.45334664946,0.4903904175
2.0,-4.82127718388,1.11931526975
2.0,-4.23891565052,1.64451800371
2.0,-5.07473892088,0.967051814515
2.0,-3.86508292432,0.520795315629
2.0,-4.99730601538,1.2075814491
2.0,-3.53817244111,0.358874058528
2.0,-5.38305735321,1.04027815272
2.0,-4.79888408537,1.09406862775
2.0,-5.42395118993,0.89411493028
2.0,-5.73511858778,0.335351953944
2.0,-3.83209076427,1.32300862916
2.0,-5.26159143715,1.57183535287
2.0,-4.78840259787,1.59996338012
2.0,-5.94209915258,0.988690969586
2.0,-5.16222739648,1.66462109821
2.0,-4.68587185111,1.26876129212
2.0,-4.54691453088,0.863484290984
2.0,-3.75711943347,2.35914839194
2.0,-4.81242993137,1.36608745679
2.0,-6.28068140175,1.53231477937
2.0,-5.36936523286,1.58329476951
2.0,-4.71585668954,1.70947338267
2.0,-5.12412674126,0.84222262265
2.0,-4.07193154197,0.731240374081
2.0,-3.75161030101,1.07545804248
2.0,-6.02905660445,1.90613766941
2.0,-4.93387888719,2.7199509647
2.0,-3.77747658099,1.76136239702
2.0,-4.98173625368,1.54981982584
2.0,-4.26457405933,1.78273206466
2.0,-3.7518356152,1.3559795871
2.0,-4.73524609711,2.09099807156
2.0,-4.53713028719,2.01338650954
2.0,-4.79183206201,1.98605740496
2.0,-4.08272583531,1.79248590287
2.0,-5.45437125528,2.72362528197
2.0,-4.88271226114,1.72285808824
2.0,-3.39467391403,1.22292680989
2.0,-5.40969076309,2.77490090147
2.0,-5.09327749971,2.47855061746
2.0,-5.54336555035,1.68239474838
2.0,-4.32179499105,2.75494023719
2.0,-5.1718692875,1.93062434126
2.0,-4.25295806321,2.00777826274
2.0,-4.43405911544,3.0401330761
2.0,-4.64477774764,2.51829223842
2.0,-5.2237687462,2.65812530633
2.0,-4.76548612288,2.17914735733
2.0,-4.2602485896,2.30906859134
2.0,-3.64297334318,2.39621985267
2.0,-3.86553649994,2.34782721235
2.0,-4.53176910664,1.90999836687
2.0,-4.07120365452,2.27642821311
2.0,-3.76027177277,1.71732183374
2.0,-5.43772695235,3.36890197795
2.0,-5.71016142851,3.16176269933
2.0,-3.80517812458,2.76089568738
2.0,-4.6612135293,3.63415402589
2.0,-4.78009450862,2.7380538843
2.0,-3.57024113735,2.85222674597
2.0,-6.04135929272,1.90449893951
2.0,-3.22483184235,2.8339471432
2.0,-6.27663998792,1.38403669477
2.0,-3.31791810325,2.87156983735
2.0,-4.22353221415,2.26819773317
2.0,-4.30816592492,2.98971458063
2.0,-3.55367345238,2.97128888988
2.0,-3.66666318604,2.66757905175
2.0,-4.4065932428,3.16532646091
2.0,-3.78103939841,2.37783133039
2.0,-5.55103354359,2.34289642746
2.0,-4.25271762082,2.8133912029
2.0,-3.10178651701,2.90186164665
2.0,-3.75129353201,2.28187794081
2.0,-5.03813720962,2.64745813045
2.0,-4.04455893122,2.702334254
2.0,-2.88779311409,2.76996342168
2.0,-4.09804822704,3.59389171257
2.0,-3.51950492268,3.29540636291
2.0,-3.63042221154,3.27256510017
2.0,-3.25214260008,3.39774078664
2.0,-4.0726555109,2.798616939
2.0,-4.76534657597,3.16696165386
2.0,-3.8406442768,3.70462891838
2.0,-2.83255043464,2.80361093697
2.0,-2.3942597223,3.43694147245
2.0,-2.76138141238,2.92287018952
2.0,-5.36358815147,3.4901723248
2.0,-3.4914726548,2.83619892745
2.0,-3.63937158655,3.54356400577
2.0,-3.84002478632,2.4952567065
2.0,-3.7590884331,2.84159607656
2.0,-2.80853330305,3.65218947564
2.0,-4.72234924214,3.87208617529
2.0,-4.12206119115,2.98994983828
2.0,-4.79979054652,3.29224833688
2.0,-3.24141101905,3.80357496096
2.0,-4.40033566192,3.8473231896
2.0,-3.45077678303,2.92947285415
2.0,-3.46726740824,3.52250396266
2.0,-5.3940699109,4.50450908563
2.0,-3.82574790771,2.85312703157
2.0,-3.37825624799,4.11809688925
2.0,-3.04184616531,3.60084897202
2.0,-2.96294831666,4.02469272853
2.0,-1.66410522656,3.06494435052
2.0,-2.46793215134,4.49295900665
2.0,-3.16628215014,4.44803094598
2.0,-2.26759528614,3.68253528926
2.0,-4.36551614818,4.03598734935
2.0,-3.68844679549,3.27658617799
2.0,-3.5798398242,4.17735505041
2.0,-2.20410197799,2.79917821973
2.0,-1.92001518622,4.31977670337
2.0,-3.02596896765,3.19899841822
2.0,-3.43612959561,4.79403289785
2.0,-4.19593473921,4.07695084049
2.0,-2.24954807098,4.27447228552
2.0,-3.29038371306,4.59021575728
2.0,-2.74850129194,3.61056544781
2.0,-3.03562462125,4.29546106476
2.0,-2.37192654323,3.11639044426
2.0,-2.44428233826,4.11017127978
2.0,-3.25523039665,4.18701235827
2.0,-2.4927502203,4.30997083936
2.0,-3.0153187435,5.16738194164
2.0,-3.6964008857,4.29692791148
2.0,-3.40375910826,4.72591355321
2.0,-2.4066936509,4.84959895199
2.0,-2.56213077391,4.05415724163
2.0,-3.93344147727,3.81255764603
2.0,-1.71198239808,4.94248186929
2.0,-2.35240998791,3.79534839984
2.0,-1.98593157832,4.01052493955
2.0,-3.24841866675,4.71309847687
2.0,-2.57131236956,4.05277506762
2.0,-3.0943744993,4.62707578551
2.0,-2.7077703928,3.94390103327
2.0,-1.73787248592,5.42365400971
2.0,-2.05971321436,5.11150022593
2.0,-3.45296553022,3.67255033928
2.0,-1.63919037825,3.68655399004
2.0,-2.2818665332,4.89684736149
2.0,-3.18623996984,4.71829178032
2.0,-2.45406974294,4.41055171295
2.0,-2.98071444067,4.34866486526
2.0,-2.79931976796,4.33191438156
2.0,-2.71348249884,3.73390634989
2.0,-1.28172626739,4.06970417313
2.0,-1.28591881715,4.84325821254
2.0,-2.08003428426,4.14850899507
2.0,-2.7922047491,4.57062053082
2.0,-1.50548055862,4.65960007911
2.0,-2.4873907666,4.03346693166
2.0,-1.30946534443,4.93292828169
2.0,-1.1672856327,4.77304921686
2.0,-1.04164081992,4.36673152216
2.0,-1.03023459792,4.53629493036
2.0,-2.44047198294,4.76687389613
2.0,-2.6064652974,4.63730286189
2.0,-1.60798131806,4.53255317761
2.0,-1.4937664432,4.31692502758
2.0,-3.74110931799,4.26182053021
2.0,-1.36594975523,5.23929443265
2.0,-1.47434633671,4.78254407275
2.0,-2.27704524935,4.61253626036
2.0,-1.92065862776,5.19836126909
2.0,-1.58302658941,3.87295555904
2.0,-1.1680356905,4.17910179813
2.0,-1.17558879592,4.30251252529
2.0,-1.79489372639,4.40438084512
2.0,-2.02467649517,5.14394300159
2.0,-1.64517554961,4.26017747795
2.0,-2.05337192077,3.96409119621
2.0,-1.70772494018,5.535369529
2.0,-0.708071896631,4.31920265682
2.0,-1.55603813868,5.07558796009
2.0,-2.96790490525,4.69385434266
2.0,-1.42638309343,4.97488776684
2.0,-1.49628195593,4.51589400363
2.0,-1.53124761488,5.1903754798
2.0,-1.06726571034,5.05498283142
2.0,0.383570759776,4.77664937558
2.0,-0.446050991823,4.6236433948
2.0,0.0215787473249,5.41280698265
2.0,-1.02189277801,5.43467585656
2.0,0.394803625792,4.23152860116
2.0,-0.994991755927,4.34810578798
2.0,-0.787802040309,5.0884847766
2.0,-0.965721439813,4.74394837529
2.0,-0.92200920063,4.05490691571
2.0,-2.94733315718,4.56641577884
2.0,-0.378335827237,4.61963383675
2.0,-1.06460829522,5.51868467867
2.0,-1.7084829988,4.84508881812
2.0,-1.49148204126,5.75655948739
2.0,-0.317473143707,4.44006845022
2.0,-0.397593650095,4.49360761553
2.0,-0.541332391031,5.41626498019
2.0,0.334262734739,5.31673064967
2.0,-0.0195442855391,4.75461678155
2.0,-1.97543054247,4.90088009465
2.0,-1.17781463508,5.60919553374
2.0,-0.948009203178,4.6867555478
2.0,-0.213020439918,4.33041675651
2.0,-1.59064122606,5.25223351931
2.0,-0.421507062645,5.50398121535
2.0,0.218245765398,5.04677798154
2.0,-0.376970994203,4.84306058328
2.0,-1.33825127894,5.27296833886
2.0,1.5634400684,4.71716399097
2.0,-0.811075724775,5.16790921012
2.0,0.208337650505,5.52622889927
2.0,-0.498190972551,4.76639010004
2.0,-0.167602749612,4.58719924967
2.0,-0.260746278454,5.46565875241
2.0,-0.291016200431,4.5184675651
2.0,0.179520198227,5.44551857751
2.0,-0.247553837545,5.35032196686
2.0,-0.218242480486,4.41206523039
2.0,0.04681837147,4.3113216994
