x1,x2,x3,x4,y
-0.0155598140927,-0.00862908469348,-0.948358981693,0.0153379801828,-1.11021261774
-0.000835613930823,0.0200461972165,-1.00906951547,-0.00895120138668,-1.10163205187
0.0146555297613,-0.0134630322401,-0.935114357355,0.0163783841452,-1.07861289916
0.0445092905128,0.0264175737443,-0.953409596605,-0.00748720145573,-1.05056887712
0.0453160554457,0.0356609157256,-0.969992909427,0.00931829911567,-1.0509726579
0.0566161864441,0.0412085222372,-0.97092515583,0.00307320731489,-1.03962779009
0.0582553196914,0.0232780800888,-0.991382668708,0.00653058063364,-1.04058026853
0.0453896911043,-0.00665503987472,-0.941685498155,-0.0415122835574,-1.0491648426
0.0559427710913,0.0721141098167,-0.958576545916,0.00743263710644,-1.03727376827
0.0691816412617,0.0352360039222,-0.947098640087,0.0324854862871,-1.02465599746
0.0915879517498,0.0887950136318,-0.894165631572,0.0232247733624,-0.993809728657
0.0623157264279,0.0260829269169,-0.941375881622,0.00845076735413,-1.03144255859
0.0780171510131,0.0365092036444,-0.943990259478,0.0138360305742,-1.01566417777
0.110109435072,0.00996397055532,-0.895136843446,-0.0150171491517,-0.979711596769
0.104697778601,0.0716643396239,-0.914098446107,0.0432794169529,-0.98394253588
0.133044327806,0.0307349527216,-0.883417039109,-0.00918687232517,-0.955298478773
0.13502219758,0.0600032556079,-0.98551278972,-0.0262849336472,-0.962399041163
0.123335893585,0.0499581966765,-0.944249888494,0.00483967027825,-0.970108222176
0.101221243365,0.0845884151692,-0.914889163498,-0.00604541491032,-0.986920307225
0.137012659879,0.0841382351948,-0.876508436859,0.0839074352463,-0.946799589543
0.144854123712,0.0631114353067,-0.873289020244,0.0523378072907,-0.940535272982
0.165540347251,0.0789858874291,-0.958328842013,0.0265140425336,-0.927676385188
0.17634488742,0.0606517627366,-0.925205181748,0.0170967740038,-0.915091527458
0.161421266795,0.097817774877,-0.938557868218,0.0186799494112,-0.928179287928
0.188039531716,0.0283444336157,-0.90972805369,0.0124919649602,-0.903524282561
0.179323167983,0.049158571616,-0.933691025999,0.0561776669737,-0.913275832132
0.183159215586,0.0669518932862,-0.920060843957,0.0137841089208,-0.907502146698
0.17138204686,0.0721663076147,-0.859728277994,0.0161719521835,-0.912686847996
0.194393861268,0.0449392163405,-0.847952112093,0.0237955373997,-0.890412470372
0.205243200575,0.0670668203863,-0.973749353252,0.02508250436,-0.891077907269
0.224986306784,0.0956737966592,-0.833058026461,0.0247567420014,-0.855433812232
0.213064736711,0.0853958480974,-0.941296327869,0.0799522668855,-0.878282680858
0.259900721511,0.077027579477,-0.887609378696,0.0324177438342,-0.828524358349
0.224892778535,0.0540385273917,-0.831500983838,0.0492628149241,-0.858280917662
0.238750728599,0.0236904228024,-0.854556511108,0.0327201556921,-0.848407369358
0.220513800259,0.0935729727926,-0.881952033629,0.0454580371919,-0.864690331769
0.253845426659,0.0696746663622,-0.821874513029,0.0243968883764,-0.828433127201
0.261716869113,0.104351441817,-0.83383306818,0.0548583439711,-0.818749365327
0.246564150903,0.10709726887,-0.833648861602,0.0216744378691,-0.833381686556
0.265809872646,0.0977272777724,-0.905126908685,0.0104471304295,-0.822955934554
0.284029330371,0.108503461653,-0.826523678182,0.0415948823146,-0.79620346806
0.303159300449,0.0854704612006,-0.781606999279,0.00284809705223,-0.77595114669
0.301998225935,0.0745701806815,-0.830814771079,-0.00131700828137,-0.782884759134
0.298067775804,0.108004053812,-0.7701906677,0.075597769234,-0.776940686099
0.314123317484,0.109249121857,-0.839746893142,-0.00585886137983,-0.769079359919
0.313525220986,0.0723143664831,-0.794595476462,0.00328385737531,-0.768405997991
0.315459168702,0.0945437647914,-0.841466766581,0.0573660673148,-0.768947765462
0.330832435976,0.113165387098,-0.805628374105,0.00144995749332,-0.749324350287
0.339917779809,0.120257912713,-0.787347015419,0.0204649478572,-0.737942050453
0.3714622463,0.0892350065802,-0.818079112512,0.0560744988549,-0.714394596458
0.34897966722,0.110479847001,-0.815947576379,0.00621009576925,-0.733508268341
0.365648252164,0.114959202403,-0.769564787151,0.0311091536176,-0.712562513775
0.359359274255,0.113809662852,-0.775599977746,0.0440126610252,-0.719076291367
0.370475977741,0.101663582525,-0.767467069112,0.114697889779,-0.708653969719
0.394787373485,0.0726602473475,-0.788810011242,0.0430925412893,-0.691292020194
0.384602117515,0.106953497185,-0.866446515735,0.0516154129242,-0.705295302754
0.395329265842,0.174110449334,-0.758213141138,0.063248959846,-0.675113714407
0.410792003384,0.111920105184,-0.764521342958,0.067237017496,-0.670349440379
0.416513245939,0.0928870589633,-0.701788493869,0.0736526225364,-0.660780576659
0.42827332923,0.114569552543,-0.721845506863,0.0454769723277,-0.650001150846
0.447099800414,0.116329310252,-0.709539818357,0.0648799684266,-0.631385740651
0.422670733297,0.0768369120834,-0.725820868373,0.0567501466544,-0.659024390371
0.439415829911,0.145444173934,-0.746604825766,0.0546150572328,-0.638285703738
0.433696054666,0.128368815603,-0.708553090222,0.0631220059628,-0.641955358711
0.458157451584,0.0922618003968,-0.712413204065,0.0586377009564,-0.624276577088
0.483081839248,0.10039633398,-0.670234610982,0.0556918734559,-0.597106227864
0.472347075065,0.169620388373,-0.724848090357,0.0977965959383,-0.602454103455
0.468139662035,0.116810401052,-0.716793598327,0.0454130530381,-0.613313848206
0.485160680104,0.15242150815,-0.648019442675,0.0384113122377,-0.586609794558
0.48066495219,0.124521406514,-0.676051213883,0.073544150548,-0.596999894642
0.497414298958,0.114857107194,-0.738415133961,0.0554102431078,-0.589691008778
0.486528046784,0.126038420198,-0.634998146788,0.0929472756499,-0.587423064741
0.520537538097,0.166838511861,-0.71108695545,0.0550443910587,-0.559487581421
0.518849012662,0.135039978081,-0.689631312885,0.0838085488506,-0.563404954616
0.516898768677,0.175049975688,-0.63391790534,0.0431641265218,-0.553650733181
0.513035330088,0.15459631795,-0.713781384947,0.0934603016184,-0.567966922396
0.532020157072,0.196630977335,-0.71379826222,0.109508462826,-0.544061645689
0.592912653033,0.133595979961,-0.595137858648,0.0729805447002,-0.491393018392
0.565688407185,0.153647393199,-0.620793865881,0.0756100239242,-0.513835859085
0.584463507733,0.150277452569,-0.657141646746,0.102426727007,-0.50202545541
0.584175594865,0.194988458817,-0.671326966959,0.0913545847888,-0.496062988225
0.568640220779,0.144788086495,-0.615645939584,0.068809453494,-0.512193619162
0.566270289519,0.146817559275,-0.616092345499,0.071912333808,-0.513922743716
0.604921010348,0.142895115358,-0.642877973753,0.103764293301,-0.48473831858
0.602281973562,0.157605085617,-0.679074166406,0.0668708161706,-0.488537940297
0.613584513726,0.159573376619,-0.629392241659,0.0947394071161,-0.473841887149
0.600737297812,0.131810132576,-0.577344974412,0.0906158219574,-0.483290806067
0.615458348294,0.186960713361,-0.580949944486,0.0778906764295,-0.462886852619
0.622949220529,0.168897138874,-0.555663709856,0.0992012463217,-0.457358375076
0.650055494382,0.188068161505,-0.604117505572,0.111574239157,-0.436881812979
0.617155358605,0.220360485065,-0.600644906359,0.0544176775356,-0.456840499636
0.64404491661,0.130769016419,-0.624331457109,0.0845630620625,-0.452936571244
0.661699492383,0.14973936343,-0.617640721658,0.102866188233,-0.435486639401
0.666633700062,0.236071461601,-0.585968681679,0.0993702289166,-0.411940725056
0.657023401923,0.159564366796,-0.632185519525,0.0906240448028,-0.439184729253
0.660878981749,0.220398803919,-0.545226689748,0.119631470549,-0.415877454247
0.674677345162,0.229723591481,-0.586778232276,0.0678252363181,-0.407366508064
0.699264875433,0.177698513101,-0.538030904222,0.0889475913236,-0.393926606164
0.679158321124,0.173481007088,-0.567126707004,0.13654275527,-0.412800268251
0.680397161477,0.185145425191,-0.591895675014,0.112769341403,-0.412337227232
0.762867756727,0.188479454072,-0.533767113588,0.096412258017,-0.344160014241
0.707766809587,0.213894095624,-0.562879573363,0.128197107061,-0.382648653576
0.718610794887,0.249588459978,-0.589322462654,0.140811066788,-0.368788470323
0.744006240164,0.202279659272,-0.514322597585,0.0731784083606,-0.353428779148
0.747219389492,0.227437769158,-0.545055808401,0.104545217887,-0.348587390312
0.752942266847,0.230585286936,-0.540295939979,0.124922232135,-0.34310713745
0.786912807649,0.240329838593,-0.570752016699,0.0928166644514,-0.319632854079
0.76356935626,0.250903266465,-0.566718464251,0.0827774900147,-0.333390888182
0.771237289687,0.194115121708,-0.484732380796,0.083898567918,-0.332265714409
0.778072171694,0.216315721153,-0.444603624651,0.0810924373392,-0.318889971737
0.79804126987,0.20949910167,-0.530949888427,0.117955501228,-0.314621159495
0.764289932478,0.174372167795,-0.460998611185,0.12834843292,-0.338326736249
0.774965881783,0.246791792496,-0.508874544484,0.105279165563,-0.32036675414
0.772483986967,0.193721711582,-0.499908606784,0.114515829909,-0.33280305528
0.805145233692,0.217389623979,-0.497534025054,0.142330529284,-0.304587683933
0.817293349836,0.207298413569,-0.510412509071,0.127155206019,-0.299694281484
0.820191895083,0.251478010208,-0.473597340833,0.159691697007,-0.283884292837
0.806248582344,0.220802288435,-0.529281107148,0.144055847283,-0.306203042857
0.819259731601,0.260818170195,-0.536230038994,0.172515351617,-0.28825232957
0.849209375665,0.215060759584,-0.50961869309,0.112952440562,-0.276597729634
0.843022606657,0.233384299455,-0.459830546667,0.126931931616,-0.271638782113
0.877727560071,0.242686711252,-0.460043842111,0.139539468353,-0.246778104976
0.867994970256,0.21794354081,-0.578242828439,0.125804717466,-0.270415524786
0.88231608469,0.277596278037,-0.518180866868,0.142894927555,-0.240592501174
0.867076458076,0.255577356672,-0.430944073042,0.125213136877,-0.247638484616
0.876460413795,0.227871741024,-0.490083014417,0.132530532849,-0.254037867907
0.907697818294,0.193969390349,-0.44791058133,0.117753763927,-0.237427916648
0.899326488166,0.266551058995,-0.445880216206,0.0989928280359,-0.225927991886
0.909151073239,0.294343612356,-0.404427772009,0.0987386103468,-0.208057699344
0.882181071402,0.237557978056,-0.457488224593,0.12573933554,-0.244969559376
0.907109362079,0.239189667579,-0.480380643779,0.139189495642,-0.231182551083
0.925989724501,0.256883545325,-0.467555740047,0.130417109321,-0.214124092827
0.94094329461,0.234301191125,-0.3884587291,0.135031897794,-0.202891050059
0.942916692459,0.254601537523,-0.46978630622,0.108203418941,-0.204964583079
0.920155837699,0.261538530554,-0.420405229298,0.11708879084,-0.211851260743
0.938316877385,0.241121921095,-0.430385714927,0.149653119052,-0.206910391223
0.964775477293,0.274686270124,-0.380038441702,0.140835357222,-0.178065342874
0.975917671332,0.263984774919,-0.354708622989,0.155794560497,-0.172068115878
0.974856248207,0.282304398031,-0.366620076896,0.153600348511,-0.168902239855
1.00485695294,0.299772069567,-0.421865587947,0.102506550698,-0.153077056866
0.998531709113,0.285681350308,-0.337061192191,0.11712890211,-0.152108999926
1.00399236316,0.260571086755,-0.331644002227,0.102016896396,-0.155451133249
0.986516821918,0.261138494817,-0.367052906134,0.148221221515,-0.168156127113
0.976805597388,0.292732224644,-0.375915619579,0.125547552458,-0.165870693024
1.00709736429,0.309909703131,-0.371797417267,0.157042853386,-0.1436815185
1.01787832626,0.259012444984,-0.355133763792,0.131731587289,-0.150699330551
0.995984677431,0.314376487987,-0.344221012964,0.160541805094,-0.145572863539
1.03723270566,0.283216563828,-0.339797798661,0.11982418503,-0.132738927036
1.04193147684,0.259317269141,-0.376593807539,0.121200989972,-0.140393310152
1.04295525694,0.291533368194,-0.345022227153,0.122509063057,-0.127992463846
1.05376698246,0.324108823362,-0.341907543943,0.175927390519,-0.112243147069
1.08313410972,0.285926699895,-0.351480857091,0.160949743781,-0.110561363343
1.06919119862,0.291434676602,-0.322608082263,0.128226762735,-0.112873123777
1.06658677836,0.311491247543,-0.276267643052,0.138132816495,-0.10357131346
1.07913739971,0.304522081619,-0.377157794457,0.14049278175,-0.109632689682
1.09139136355,0.316070717661,-0.375385992414,0.214085286634,-0.0999463640156
1.08570451913,0.34534629243,-0.251687192002,0.136920951356,-0.0811548987925
1.1150868382,0.248589835157,-0.352828039326,0.21732328403,-0.105843665833
1.12448693134,0.345955815073,-0.304426998111,0.128552806862,-0.0687618345203
1.11753895838,0.336057610313,-0.296040482878,0.160115399871,-0.0741740989073
1.10990579805,0.332421517323,-0.319791945853,0.163215061638,-0.0810637292309
1.11914964864,0.324401349793,-0.346582709449,0.159836227341,-0.0822250985152
1.15162425235,0.323942994902,-0.324083381206,0.125208212825,-0.0665690623203
1.16643987097,0.322388798198,-0.271211118214,0.164510088538,-0.0558076624395
1.16106479485,0.349795223528,-0.291113244416,0.17221102085,-0.0508335895496
1.16031773876,0.323792421163,-0.262622529682,0.191414899943,-0.0568746737516
1.14373050327,0.329076667015,-0.283116399539,0.167983011268,-0.0640000418053
1.1894828046,0.297487227271,-0.324878428012,0.171965042427,-0.0598380354886
1.16193709697,0.294989401265,-0.232508145832,0.163806877953,-0.0621063646594
1.1988652349,0.344238457614,-0.231737224141,0.11962215246,-0.03260522596
1.220645198,0.331431911862,-0.304483962833,0.193631342169,-0.0361265114696
1.2129822584,0.354190858755,-0.217955367912,0.147587237581,-0.0227413380375
1.21758695093,0.306901598554,-0.219544378671,0.181976187348,-0.0365688619977
1.20065130049,0.377327482063,-0.180848226723,0.128223056371,-0.0152335867905
1.20134746556,0.31813196585,-0.280182022103,0.173752488083,-0.0448345715253
1.23081324171,0.369939033448,-0.264617669913,0.157208990645,-0.0156412869573
1.22788818382,0.338532987927,-0.259646904062,0.191021075191,-0.0269400350868
1.23758058537,0.371484597452,-0.243066381659,0.159995987119,-0.0107179156971
1.26662111852,0.356401104329,-0.238936206674,0.137010455412,-0.00663492858448
1.2270978484,0.354677729991,-0.220818579719,0.185735231527,-0.017922831253
1.26231749469,0.346508961208,-0.236885841151,0.200804726847,-0.0109898124101
1.27876863714,0.396481193583,-0.178781857743,0.211210233111,0.0177281163191
1.27764508571,0.340391999353,-0.238498060592,0.214504470595,-0.00863481201994
1.27101649119,0.383586891309,-0.169955576961,0.178621331666,0.0113760078195
1.29927562012,0.386959443028,-0.234157280976,0.180560000114,0.0143029623406
1.26924826633,0.378435783418,-0.222380474074,0.192008394095,0.00381505993236
1.29222159133,0.391809823762,-0.250250548714,0.162763064413,0.0126046076727
1.30797389927,0.432349853117,-0.228917875978,0.213556636405,0.0352637427244
1.32275143395,0.389394825403,-0.14640111108,0.174986959485,0.0298669659761
1.35744680159,0.383490218635,-0.194836250544,0.206328340195,0.0308730501491
1.36758679214,0.351874710498,-0.232486240237,0.191066460841,0.0178829176719
1.3514151939,0.401494986405,-0.163211049033,0.204516655677,0.0395605268154
1.34260942977,0.401994036003,-0.192489554119,0.185965173045,0.0348979647262
1.3477754838,0.365722761134,-0.133210552884,0.201343893196,0.0283100943499
1.39668022121,0.353214230059,-0.127995781819,0.228394661406,0.0341005672285
1.38991700506,0.406486137485,-0.0992743971063,0.198222946109,0.0554355915103
1.39067050647,0.386414070999,-0.133490077996,0.190389560749,0.0444551154913
1.38708053453,0.379237917473,-0.207489757039,0.198239460134,0.0338789829734
1.42764780059,0.361931236636,-0.0872549534343,0.164858251985,0.0459729984477
1.38646980703,0.388901098753,-0.141646910852,0.191503325588,0.0438350915922
1.41336357268,0.417118190823,-0.100148532476,0.20523721927,0.0635593588365
1.43060560627,0.374735512924,-0.0784319107396,0.202660350446,0.0518975027556
1.41753260845,0.404080571905,-0.130584968961,0.201231272302,0.056012905453
1.42938169137,0.428043917269,-0.121129493902,0.163335010123,0.0683198767582
1.46254336586,0.416683923169,-0.00643757156909,0.174398329512,0.0790775629098
1.4390038651,0.421978251992,-0.104992509738,0.187547706589,0.068741470504
1.42847427195,0.444833216197,-0.100517316078,0.220205291622,0.0773716976408
1.44659622717,0.381585294583,-0.0343755850264,0.216576655793,0.0608569392573
1.47952713345,0.459236452046,-0.14364149504,0.230221977943,0.0854057484687
1.45136033506,0.40667420073,-0.158783315772,0.217587143198,0.0588943568632
1.50521175645,0.432089354371,-0.105103193387,0.220360934148,0.0794736207565
1.47855375176,0.44405880898,-0.082755224048,0.22552703455,0.0846402574524
1.50097247074,0.371900115967,-0.0599135819707,0.21251857725,0.0600580727378
1.50638913659,0.421996626525,-0.0268335754589,0.227902421525,0.0830300324977
1.50905788918,0.404584591028,-0.0434002075929,0.202148672041,0.0745747649685
1.50193506759,0.447855060513,-0.0768445007707,0.199230123706,0.088717651954
1.51142419017,0.425882216607,-0.0850845841181,0.179852165431,0.0792052346233
1.49852636291,0.439582394057,-0.0366168428025,0.216559094878,0.0888761353923
1.51429394107,0.399075981184,-0.0503357141724,0.21855114543,0.0720578192302
1.52796937057,0.417912121817,-0.0377320434868,0.201381760024,0.0814460435123
1.54995699012,0.446157385382,-0.0458052632577,0.233534682739,0.0931950172859
1.55131146609,0.419760591618,-0.0602996199942,0.22731558388,0.0807277025559
1.57182958256,0.462907332612,-0.0233145610993,0.212913353281,0.102958607473
1.54682842646,0.475145332439,-0.00611207153584,0.22898599542,0.109889012831
1.55177071107,0.415277505447,-0.0594606063195,0.237786135865,0.0790066650722
1.57988604754,0.475772276402,0.0192610374873,0.228334337893,0.11290252997
1.58874256039,0.411383611172,-0.0120316343841,0.265072626988,0.0820984514338
1.59995109106,0.481762597604,-0.00682445969236,0.230911108295,0.112728372266
1.59845166928,0.430202427439,0.0246951952216,0.195209563991,0.0931585055998
1.58958534954,0.450412447173,0.0608910691111,0.218627967557,0.105514696258
1.60522007779,0.478898333292,-0.0429525816449,0.224436402188,0.107703476992
1.61559633872,0.450943092342,0.0204253967544,0.244518698937,0.100953945822
1.65186018398,0.4479874774,0.0256393064933,0.19224075106,0.0979110393187
1.64770031534,0.501136392152,0.0412684575374,0.264976137234,0.124027482413
1.65228746946,0.495416171501,-0.00722432438057,0.182806356415,0.116201031934
1.69216230313,0.467526807292,-0.0312117816628,0.234904913644,0.0969090073272
1.64180366603,0.470817760432,0.0178053633913,0.24226204905,0.108020821321
1.65528974646,0.504901111047,0.0491667988013,0.249793971173,0.126007098068
1.6654882781,0.545280080534,0.0423589541533,0.261524468708,0.144665947414
1.70452915594,0.497618996942,0.0332325817174,0.19007372515,0.115610767619
1.67309783605,0.476209542185,0.0847586974421,0.216823556899,0.114328854681
1.69853962994,0.479193051325,0.0287615725208,0.255810310086,0.107289064898
1.70345684914,0.46726852512,0.0764207904374,0.247494088573,0.105868992147
1.70314083618,0.459916908314,0.0493431289083,0.246697874831,0.0999813726853
1.71864967756,0.496491349542,0.0704792465285,0.268680489034,0.116693812865
1.73504581472,0.520687762302,0.0755954594661,0.232876034138,0.12645162043
1.72982677783,0.485450257825,0.0386557820779,0.254230672208,0.106686080525
1.74351924597,0.487406795841,0.0954728838333,0.220365375569,0.110911559863
1.70865321078,0.481233077993,0.0881019708324,0.24933135366,0.112683815178
1.75704419632,0.491768625344,0.101813616654,0.241625328669,0.111147984032
1.76840962547,0.549573283438,0.112940840546,0.251449860024,0.138807526845
1.76252689858,0.51667304518,0.14771784411,0.254269752855,0.126613955511
1.77416834752,0.511355193081,0.119892535865,0.238874228788,0.119018500863
1.77761231349,0.540724838203,0.144399086318,0.26101991161,0.135426490534
1.8026136574,0.478929731713,0.144371485313,0.251480605391,0.0998448232456
1.80623354859,0.514837349494,0.116889373575,0.267754919321,0.113423744419
1.77714225991,0.518680340154,0.142641695034,0.251659728799,0.124225983326
1.81515040881,0.500865132849,0.108406822264,0.253931017455,0.103698548084
1.8108380545,0.512121908147,0.124938469998,0.299845557991,0.111751509266
1.80549054488,0.486128205172,0.1382984524,0.237192931005,0.101946499078
1.83654594864,0.531241813127,0.17589695731,0.246423620937,0.119883937832
1.8512640506,0.5563393089,0.1399616827,0.241827630114,0.125397830731
1.8386639281,0.559533650113,0.145949087913,0.292026224739,0.131015537476
1.82778151076,0.489587273776,0.16087955454,0.268817952547,0.100300416264
1.86875424717,0.492197276204,0.176572222001,0.285333834148,0.0918087169616
1.88908217986,0.539242594234,0.212500379,0.307597895691,0.112291288922
1.86550694772,0.566430212629,0.148111173899,0.26587648342,0.127491781341
1.88680346023,0.516027360021,0.210108840627,0.312889421821,0.101071039008
1.90195621031,0.527614056309,0.162510285712,0.234457861599,0.0975338065314
1.90291084639,0.546723171867,0.128193803077,0.241879454276,0.10363896433
1.88767170635,0.52720652591,0.191587726876,0.27529236236,0.104643264213
1.88965660146,0.519367327058,0.149822288494,0.247908201096,0.0960797445872
1.90518732114,0.50136304592,0.190253566592,0.301659533301,0.0861503333859
1.92084475584,0.550986407421,0.186972173531,0.271406060695,0.105550752932
1.90679873779,0.518789437861,0.167281531571,0.285275962542,0.091924400766
1.93569163249,0.533594965491,0.190910984219,0.287529061829,0.0917345183556
1.93209720176,0.60234434801,0.208514873857,0.262500203672,0.131746273426
1.92303585021,0.56367733141,0.181592375509,0.237611697889,0.111044158457
1.96639735839,0.578014591647,0.159041164781,0.270674218928,0.100701041931
1.96251201089,0.530830427866,0.204590049522,0.286270208852,0.0817580758652
1.96582182371,0.549454881701,0.17223104263,0.311376722269,0.0868804422568
1.97953256174,0.518937469891,0.231071126556,0.2712442225,0.0717740963517
1.97825837486,0.578624171591,0.246497655467,0.314939515167,0.104810824329
2.0056987239,0.588768824577,0.265267474795,0.322298256391,0.100984631318
2.01503968284,0.538568723917,0.200235994717,0.27028888849,0.0639890645086
1.98926289725,0.564462717858,0.276638484481,0.32265698925,0.0956361455913
2.00191402903,0.56379457859,0.208037545138,0.270321575518,0.0835220423342
2.01652246011,0.593080610298,0.260723099171,0.322534715953,0.0983327128329
2.00667066974,0.559883578953,0.30811985868,0.303428238686,0.0890888879499
2.04977267373,0.582966715329,0.228632635381,0.296149327923,0.0748396642301
2.01210664259,0.585337712229,0.273023062783,0.313605248913,0.0971393441051
1.99929381507,0.535514827624,0.217827540683,0.284218445436,0.0707657995273
2.02704690844,0.593643721499,0.284028651606,0.290218603747,0.0964046088082
2.07001537315,0.590141727219,0.291818195793,0.322578415271,0.0753647779283
2.07925129597,0.553420424604,0.300025215312,0.315615735705,0.0518505550807
2.07894792406,0.592272151933,0.243945828451,0.295997451677,0.067664234052
2.07623027345,0.583901080535,0.337620668664,0.27971948379,0.0734894141133
2.06977574775,0.585825590781,0.275403264485,0.308811323424,0.0715308122392
2.08671608754,0.615422932867,0.266414662102,0.313180381109,0.079142425609
2.1087509505,0.580562277684,0.343063403243,0.332524083085,0.0558063963904
2.09949997595,0.620014779461,0.257271468719,0.340110901468,0.0744727444026
2.11007901293,0.56094965881,0.293730337516,0.258297402498,0.039960413607
2.10219979356,0.584970481138,0.235831455759,0.294602189886,0.0512765990665
2.14023154812,0.625267246821,0.282454569306,0.337991562192,0.058720884887
2.14737910642,0.57029420886,0.338831368961,0.325393454845,0.0294036537708
2.12747929595,0.599785993468,0.321590242537,0.351686697623,0.054622432801
2.15826471648,0.60081685947,0.335875558309,0.269484684808,0.0401785725934
2.19318858498,0.605748271396,0.318684092094,0.297995975379,0.0213560881664
2.16453390386,0.583980963821,0.331781651771,0.298374343263,0.0267979694498
2.17458577466,0.6536845631,0.342302734413,0.281875766965,0.0626333153444
2.17471635669,0.620919850562,0.348351245034,0.302835805645,0.0435834172921
2.22131814043,0.627321457106,0.34079174001,0.27989517695,0.0193165238705
2.17172342722,0.656746246413,0.350703107942,0.30034864722,0.0668764956053
2.17470132331,0.59564289865,0.310125354209,0.32553281221,0.0253712274589
2.21001183593,0.603364126399,0.349595899894,0.297787568131,0.0130812274932
2.2250262672,0.638163978516,0.38553618803,0.315299871018,0.0277010926989
2.21411349775,0.621529022285,0.379881455235,0.310162992555,0.023966598704
2.21145786195,0.616123885964,0.409594497691,0.309811376667,0.0253046331812
2.25270171545,0.563960185071,0.432551763078,0.317344440315,-0.0268469455333
2.222368183,0.624016659836,0.317910190316,0.322855512625,0.0143902021403
2.2159283828,0.643168358676,0.311243002546,0.332473352044,0.0289435598402
2.24855475392,0.604127948787,0.361964077867,0.328224489746,-0.008971416365
2.28733886981,0.654058881299,0.419270565878,0.35980039182,0.000931068832132
2.25400427115,0.665935790772,0.449534730939,0.319119098295,0.0327758712559
2.28868951733,0.65203442121,0.377526445637,0.288409877873,-0.00496334695998
2.29384074951,0.631934697859,0.47451492352,0.339152975539,-0.0111964257431
2.27844935432,0.615002439676,0.362641325841,0.314578538804,-0.0217242842663
2.2808713455,0.664070042122,0.429923985941,0.340526031383,0.0123992972515
2.29840582311,0.692541906831,0.460566110411,0.306454804856,0.0218280708908
2.31327222234,0.680097197191,0.447620804994,0.331687884779,0.00261027377864
2.3303105986,0.614859963041,0.442497355895,0.330244219858,-0.0488485504417
2.32399546261,0.639507236224,0.432432205417,0.357354577798,-0.0311342418429
2.34760297228,0.701832094887,0.414437008618,0.334757911725,-0.0104036276305
2.32065790123,0.62664049067,0.453452119042,0.315600069453,-0.0342610637199
2.34572814338,0.657229448315,0.452482949578,0.338272601397,-0.0334513760217
2.36305514662,0.659271934891,0.457579855847,0.314137439319,-0.0438351140052
2.34474722577,0.672073193334,0.537703174634,0.316316931108,-0.0152562223893
2.3565471177,0.699304971699,0.468324252869,0.318092521671,-0.0130437137257
2.39974792443,0.68261849094,0.44555005213,0.324267572585,-0.0571189192953
2.38576496129,0.692173587392,0.409363300125,0.333319065442,-0.0443535484827
2.38911225259,0.692567645187,0.453020510707,0.339577600542,-0.0423433113544
2.39342089132,0.697307680471,0.466687849133,0.375032959632,-0.0412921141809
2.40418659593,0.637092502469,0.521323744953,0.381824306187,-0.0812435668704
2.38853324573,0.677739880772,0.490122477023,0.336691346144,-0.0477019788317
2.41139903894,0.694777328391,0.430986408566,0.322946896906,-0.0594320522191
2.41010320192,0.705432399751,0.483635090533,0.339788774825,-0.046578299679
2.42267980753,0.684490302566,0.54008622214,0.386348654254,-0.0641748406376
2.42619582458,0.699767788845,0.509183550863,0.343312308329,-0.0598464658321
2.44585513085,0.684934416655,0.509419332028,0.336544130171,-0.0842254842489
2.46369728335,0.689882812023,0.449925364508,0.323475411815,-0.10058273236
2.45264070458,0.728447035517,0.581160429704,0.388801784644,-0.0545395554385
2.49290537434,0.698189313306,0.55588430642,0.32032328217,-0.108003489294
2.46100371236,0.716226798056,0.516577922757,0.35319522333,-0.0751419966379
2.47808533788,0.710054030129,0.479742152565,0.353094516133,-0.0961047844914
2.4944874632,0.680235585052,0.499970786137,0.374726893502,-0.126353976865
2.45120601852,0.720962157832,0.554154362304,0.406264964085,-0.0610836294523
2.49435761601,0.740987360871,0.565004609418,0.372304135539,-0.080347050103
2.52640761041,0.736349059344,0.565306415493,0.365899651317,-0.109280565526
2.52298990583,0.705038689385,0.524896107404,0.37971293918,-0.131119654661
2.52527762471,0.721529126434,0.512805194643,0.359710062099,-0.123264508044
2.5286641709,0.719107654499,0.598467759922,0.380182646702,-0.119473664379
2.52746199653,0.78468574974,0.55020213661,0.370143190832,-0.078305737791
2.51977704443,0.716105581248,0.592558503156,0.369724392697,-0.114712924891
2.53966986229,0.712817689209,0.49080625787,0.330870308149,-0.14278512236
2.55991532764,0.757245507977,0.596004982353,0.377635435495,-0.119873026801
2.56936779381,0.720856666815,0.58993789651,0.353236982458,-0.152755747501
2.57682491431,0.722728335219,0.577356295701,0.344399278617,-0.158970854556
2.53128030948,0.72701320697,0.58247499226,0.366525937772,-0.117851371706
2.59589129421,0.738262879471,0.645387040372,0.349156548127,-0.158259731029
2.58070389001,0.720753704646,0.606021399949,0.368683264677,-0.160922250487
2.6049573917,0.74514303981,0.598406125017,0.398049225818,-0.166193950916
2.60183869549,0.765606112888,0.601752666396,0.362742220917,-0.148968661753
2.61135648473,0.701105698628,0.658022987317,0.371175852375,-0.194945025427
2.63342178226,0.712433606586,0.593813632348,0.37254225408,-0.212944645207
2.62435950725,0.766254576555,0.560778752359,0.364683786698,-0.171931076682
2.64222944207,0.728419438836,0.670594337126,0.383471188567,-0.20277802555
2.640084456,0.739599785608,0.575033369988,0.390211272491,-0.202646037506
2.62326757113,0.745208013329,0.618883869064,0.382104892326,-0.179910307941
2.65024672801,0.760418106675,0.654346128831,0.401670858616,-0.189827098566
2.67073496405,0.746394762298,0.613343882451,0.386653566996,-0.221439616356
2.66857031822,0.715003921474,0.640729893089,0.373629370722,-0.237746581146
2.65719023802,0.771887244207,0.63322824548,0.410714351691,-0.190091338315
2.7037700843,0.731227278938,0.591654948067,0.41189987626,-0.263562104714
2.68735327306,0.718908728189,0.604880514864,0.392760752908,-0.255543795956
2.6832612935,0.792192041489,0.668989071365,0.359264872326,-0.195255384317
2.71075038087,0.766404874355,0.640692782726,0.4074092254,-0.2412112494
2.7065865213,0.785689134215,0.652421064984,0.384781820519,-0.22266031599
2.70169935391,0.804582141879,0.646179634725,0.385589153685,-0.205350582811
2.74329020056,0.786894932256,0.695696858158,0.386317786882,-0.251211326345
2.73570923332,0.776656479248,0.644765570074,0.413688701063,-0.256515233736
2.71435488288,0.807259917109,0.687830263603,0.401072568681,-0.21099130033
2.74684749534,0.759773733785,0.703981331182,0.363122916134,-0.272487524856
2.75268830001,0.773464364543,0.626841223447,0.397554663427,-0.276032516409
2.73582151941,0.756723865976,0.685797930435,0.372692501072,-0.266246011308
2.76147636315,0.789624815768,0.660017656818,0.384690072162,-0.269526519002
2.75105203493,0.788178558893,0.705567392169,0.375199979679,-0.256444446579
2.76516110445,0.791683098056,0.686053577877,0.385493823199,-0.268985673691
2.80385309552,0.796746180705,0.752482282379,0.388040006357,-0.295244595856
2.78317027203,0.775759606449,0.756183071086,0.389476256729,-0.290308451485
2.80025131444,0.826801801201,0.752691201266,0.403400963897,-0.270130516086
2.81065434322,0.782865894917,0.748778364795,0.410721231737,-0.312040755051
2.78964073916,0.784810879108,0.728772642492,0.385883456965,-0.292621665827
2.82196972523,0.808756189389,0.812769601035,0.400281863804,-0.298041361776
2.81836043834,0.829209994345,0.768826544062,0.419619610474,-0.284039043012
2.84533863609,0.793441826445,0.749418946354,0.396611382872,-0.337373770262
2.81814061034,0.812171450681,0.737827959209,0.392781926402,-0.299088303873
2.82412603063,0.761560593373,0.723883864876,0.393032889754,-0.341948341843
2.85160686622,0.798727905271,0.728515324542,0.380424642567,-0.341498434824
2.85592388039,0.805584601929,0.809011761202,0.389071225255,-0.333019110132
2.84295334605,0.820966982026,0.784091972043,0.380576302703,-0.311759337324
2.88836051629,0.830512338579,0.781879960909,0.396739927144,-0.348758941632
2.88747171768,0.814704955882,0.78379378853,0.394770793009,-0.359285701065
2.89956378361,0.801794472299,0.809494525271,0.407622948597,-0.377966456439
2.88948213934,0.834911412383,0.786504020635,0.428359771859,-0.346375315041
2.92279833922,0.833856958247,0.780558962326,0.408354989464,-0.379978238394
2.89131792062,0.791460162048,0.829144516728,0.425168967873,-0.375604235563
2.92379010481,0.854384426205,0.775056848152,0.42235515428,-0.366233421426
2.91635530606,0.842328185679,0.782322639981,0.424080820105,-0.367340073907
2.95469503035,0.896838822289,0.755373203508,0.411487329919,-0.365719748415
2.93982147068,0.845669744375,0.826977963287,0.444623598324,-0.383647905749
2.9161498131,0.851825093201,0.820359844492,0.401394984357,-0.356202696984
2.94408940876,0.875630986217,0.806981724276,0.412547911783,-0.366789803996
2.96028456597,0.816931704367,0.777293555708,0.412318319451,-0.429493646412
2.96529087206,0.809561565844,0.850185370592,0.428231281301,-0.432898746635
2.99038307218,0.836802290598,0.868550475942,0.449548870612,-0.436088073269
2.98981666294,0.864400713704,0.88198900308,0.448807142022,-0.41349167216
2.99983372675,0.866929351195,0.835858807885,0.462210960107,-0.425992741282
2.99610075644,0.843607414845,0.846396146288,0.42058478684,-0.438569626008
3.04134035186,0.849161650189,0.832108111361,0.427395853982,-0.480728110583
3.00212928659,0.8031958413,0.840066053628,0.431856426806,-0.474869974643
3.01910729272,0.885068864039,0.909824314768,0.400433385725,-0.423577420551
2.99779093369,0.882348960291,0.872453987546,0.424545865846,-0.408340054336
3.01648103256,0.866066872438,0.813404518067,0.461570015799,-0.445290604457
3.02469830795,0.838432065356,0.86215625179,0.375192814552,-0.468903388769
3.04287554121,0.828875839477,0.909256249803,0.404459524755,-0.489757018206
3.05217072639,0.878484153414,0.844799054335,0.418962497791,-0.467933094031
3.06955936362,0.868988967377,0.924605565559,0.461007207309,-0.485242064491
3.06892337317,0.863520021226,0.906565823535,0.421137616683,-0.490167490691
3.08607505531,0.875243475304,0.971177646785,0.439487121919,-0.492291629041
3.09570046828,0.833783658848,0.85743756541,0.453042590049,-0.544175218474
3.0862022612,0.888014430848,0.97198926871,0.45625469511,-0.482633952945
3.07609841894,0.892056381808,0.886844223345,0.441339124613,-0.477429448793
3.12102303007,0.866515383199,0.926336876322,0.442431238183,-0.538208919803
3.10072728545,0.889263162829,0.90948162446,0.443938494959,-0.502048189659
3.11281494828,0.935363402102,0.94126556064,0.444775796393,-0.474633949093
3.13611815132,0.895042419787,0.933113954283,0.472684299042,-0.53091145627
3.1381507979,0.911400200225,0.943244389826,0.444333222372,-0.518886241214
3.13868355697,0.907003480742,0.940618174699,0.457559813048,-0.523253422107
3.1140622143,0.871458985414,0.976282160913,0.432375127479,-0.522601790107
3.14234506405,0.899083160557,0.993350742654,0.452644408619,-0.528046863506
3.11807885271,0.867243879112,0.920211261471,0.428949609292,-0.535182808015
3.16855821624,0.914384371401,0.89546715425,0.456154607065,-0.551600480522
3.1751691514,0.923795222578,0.990111249247,0.447850819516,-0.541599526835
3.18128357561,0.883754704939,0.943761917142,0.435243974746,-0.583493412575
3.18195611248,0.883866312238,0.981315650115,0.487490045043,-0.580948856931
3.17058720871,0.900979406874,0.993833748741,0.478325045684,-0.554986343919
3.20786748242,0.896702720852,1.01446315588,0.459536095986,-0.593426447558
3.22560504382,0.919729526639,1.01200249124,0.477719578799,-0.5933627808
3.21249884648,0.923450999016,1.00782732896,0.467535722789,-0.577636485392
3.22971705899,0.903621690199,0.990349526662,0.468551256038,-0.612176971225
3.25432159043,0.924022467229,1.01408106864,0.456497424564,-0.618124363385
3.23432973212,0.876461547357,1.00204303128,0.486092092081,-0.636919338877
3.25028390058,0.930809333754,0.989359051247,0.475057152366,-0.611213336532
3.23775449608,0.906293058394,0.959379455693,0.504923239395,-0.621355227413
3.25205088769,0.916065526568,1.02171808459,0.492057839257,-0.621799344587
3.27642631612,0.945732619418,1.0062987502,0.421340109084,-0.623013063491
3.25072982915,0.937117483003,1.05910072727,0.473745806775,-0.599914446726
3.28832938243,0.931212160654,1.03594925227,0.469193842707,-0.644120414327
3.32671151501,0.920487361414,1.05205967311,0.485228535248,-0.689158390116
3.26278316843,1.00472203493,1.06337962054,0.480377247506,-0.555753048463
3.30707858996,0.937025777574,1.07049040087,0.466400590299,-0.654640165396
3.32940550933,0.924443170144,1.00997217798,0.472479605223,-0.692549258679
3.28405242519,0.939409415974,1.00541825111,0.463299617771,-0.636153268275
3.32571273288,0.917034951008,1.1269470164,0.457149900038,-0.683489959676
3.33109328917,0.943765150132,1.03488597011,0.480838467556,-0.676371006309
3.32888525139,0.928134882505,1.0271800463,0.482134174008,-0.687534175021
3.34905465278,0.934585451697,1.06833555423,0.453760453686,-0.697932616537
3.34619436424,0.931819426278,1.07583408327,0.482018819876,-0.696915546789
3.37189442653,0.947168443682,1.03824420367,0.466346348502,-0.713056983724
3.35553439775,0.962585235091,1.08356020366,0.475047118433,-0.680271650911
3.38402333408,0.988601155441,1.04793420387,0.451311702508,-0.689653528714
3.38577221303,0.968817876437,1.07643056142,0.504390971186,-0.70556021321
3.37313360131,1.00101846545,1.02651057465,0.47261913024,-0.670904123014
3.39360743325,0.966283338081,1.1325696213,0.498260542014,-0.709835396425
3.37273493477,0.996397158799,1.13119142049,0.507824230774,-0.664767756788
3.40086868202,0.936932877919,1.08635620971,0.488768632752,-0.745069688265
3.42180670836,0.959133453475,1.11970967969,0.478040832066,-0.743928495051
3.39305223565,0.933489610408,1.13240578248,0.481300706476,-0.735810331446
3.4366848105,0.958086899286,1.18449344037,0.475071207017,-0.75283679233
3.44102665609,0.973548863143,1.06567429459,0.474909639658,-0.755612118487
3.45076034818,0.988898154191,1.08824796449,0.503438765608,-0.750267866262
3.46489826737,0.933792831386,1.11829906077,0.530600535699,-0.806296738221
3.46802130023,1.02407820858,1.12149826652,0.539728733389,-0.73414210327
3.45559735671,1.00282380665,1.07906687313,0.469926445021,-0.74373053412
3.44607801569,1.00040911764,1.10097189173,0.493115341069,-0.734836987553
3.48416789841,1.00507254422,1.17513725119,0.468401605256,-0.759685129587
3.46306524444,0.983442297706,1.09763618648,0.553025267943,-0.76611296862
3.46979396212,0.982907131963,1.17173432324,0.477123928193,-0.765109295476
3.4792713541,1.02292604287,1.16832736059,0.502014125102,-0.740920256756
3.49337584081,0.990406372792,1.16182062527,0.466972129364,-0.781923684754
3.53529859233,1.00197070227,1.2159314764,0.50146940537,-0.806469627672
3.49717947489,0.983102404163,1.17531549678,0.510848637408,-0.790764590901
3.51376427857,1.00249903343,1.1695279342,0.494812683623,-0.790398333003
3.52183368921,1.00390935561,1.14390049492,0.491741226003,-0.799124215331
3.53416989912,0.990483829227,1.14944081672,0.542329388633,-0.821825160557
3.52222331212,1.02042463064,1.08727436495,0.491420481873,-0.790875519738
3.5368534209,1.02963475344,1.14462609239,0.522628385829,-0.791403215255
3.54430259377,1.01160635836,1.21146271712,0.514019707219,-0.807189095925
3.55463862943,0.991114230326,1.19800140979,0.492752067613,-0.834984812628
3.57409460938,1.03467933211,1.24865064162,0.538178618752,-0.811457045711
3.5766459653,1.02580543131,1.21691541021,0.523914079926,-0.824235705372
3.58062229267,1.00332714357,1.20218309373,0.505290595428,-0.848124987175
3.58272552802,1.02964421963,1.25321754984,0.51431913169,-0.82289647637
3.56693402354,1.01765223334,1.22112811392,0.501265791509,-0.82171291938
3.61092447262,1.01834937443,1.30757168572,0.503993341154,-0.85257891082
3.60960365173,1.00916424152,1.23421841408,0.513314458408,-0.866284594232
3.64069635081,1.0429274985,1.27007769564,0.50582413313,-0.86143944715
3.60505364738,1.02244151015,1.28022615766,0.535046286012,-0.846809940992
3.65494812564,1.01454968264,1.18361682586,0.501674607547,-0.906397940144
3.61942094502,1.0958420672,1.27172594348,0.522192288202,-0.796288253781
3.62506782607,1.05046363616,1.23193837274,0.555621926263,-0.845318449667
3.64989600623,1.034679579,1.23955915414,0.552945494662,-0.880036265383
3.65995822878,1.04325382891,1.22511623879,0.463663791366,-0.881789643066
3.69546859696,1.03697777765,1.30651649895,0.535084112879,-0.910796186595
3.68215908674,1.04765232759,1.29576303459,0.546633376693,-0.891367497342
3.696401118,1.07844479766,1.27887263942,0.510899223352,-0.877808823784
3.68586522083,1.05783593186,1.33337842241,0.559139809893,-0.882277495876
3.69051191615,1.05429891469,1.27361991718,0.536159569832,-0.894722202606
3.73330320527,1.0600177867,1.29858207874,0.504699779023,-0.923018988695
3.70613424171,1.04308089473,1.26189580703,0.533897900635,-0.9187956585
3.72377468544,1.03797751156,1.31997219926,0.522058311898,-0.932363144421
3.72916990794,1.08384304397,1.37942601149,0.529088286042,-0.891270759018
3.70883317746,1.08688916701,1.32171285278,0.554814533341,-0.877324371538
3.7297837702,1.07657190162,1.36491859831,0.520238747328,-0.899463896153
3.77590503013,1.05922531516,1.29744491289,0.532605701772,-0.958987864291
3.74965717259,1.08251818311,1.27551678701,0.520384233286,-0.919143501175
3.73349090793,1.0971919119,1.29565907743,0.519914137975,-0.890871760372
3.74650890114,1.0762786306,1.33686030378,0.559901608757,-0.916702572249
3.76524637689,1.08872815244,1.28408139706,0.54860557939,-0.925887643214
3.78166827737,1.12055386973,1.32937560607,0.567900717184,-0.906646212362
3.78748416472,1.06997587326,1.27204152606,0.543590884719,-0.961410049922
3.7879115105,1.04268825375,1.28740247829,0.518014635645,-0.983752122013
3.82213058584,1.10424438259,1.36609362486,0.550442736674,-0.949538522935
3.79843344397,1.08065611851,1.37448927603,0.54467009845,-0.951018442726
3.81641620525,1.12340789197,1.3829604765,0.535444349531,-0.926104621319
3.81658550893,1.12100242853,1.32457590395,0.570187337561,-0.934359245904
3.85414347065,1.07996897873,1.39875392913,0.535747976207,-0.992359153844
3.82902063053,1.11118250889,1.34804325757,0.521203826635,-0.950027118578
3.84020971873,1.133893244,1.35649501113,0.530330574757,-0.937476936286
3.85151117698,1.11720353222,1.32544309367,0.557238288126,-0.964421542835
3.82622236025,1.08006971571,1.44820361463,0.576972171805,-0.966732649167
3.88754181977,1.07488312094,1.40452813215,0.553280591226,-1.02141502751
3.87976982845,1.08184854573,1.36592918846,0.586914264763,-1.01361739311
3.89472042775,1.11958606213,1.42228135032,0.56103280653,-0.985306411749
3.86388613674,1.12108528588,1.37477636057,0.603359221959,-0.966157719145
3.89948707845,1.12015810651,1.39804578714,0.626388571707,-0.991370265459
3.92585154429,1.11848206341,1.43896370846,0.552307773472,-1.00698413923
3.88604916644,1.12653801066,1.38913682087,0.564086706734,-0.975864351138
3.93864931643,1.12819851756,1.37313666193,0.563461456166,-1.01360146944
3.90172792663,1.15503487379,1.4583556882,0.567858398952,-0.95490695104
3.94657244449,1.13473903626,1.39841673644,0.538689621176,-1.01049201969
3.90990487659,1.1362070407,1.47463717043,0.530290495301,-0.975922822894
3.94294174374,1.14142739431,1.49696472677,0.562200665847,-0.992863970998
3.93368863726,1.11358472752,1.47534288402,0.55639757019,-1.01351661279
3.9215086842,1.13941752895,1.4236937243,0.55190630999,-0.986420514706
3.95987523224,1.12139350336,1.48381193305,0.562502050823,-1.02392161245
3.98078187158,1.1260285534,1.51643172409,0.59729785837,-1.03125389239
3.98463512963,1.12741997148,1.40967609944,0.575456145789,-1.04236524982
3.9688239641,1.16946605596,1.4535598519,0.567101601378,-0.98914807433
4.0055111939,1.17124091659,1.44335005457,0.610275098005,-1.01336891425
3.98189584553,1.08824359779,1.51850732372,0.578371917729,-1.06533907955
4.00164292207,1.16776260866,1.42652296612,0.589579203829,-1.01537607348
3.99775593494,1.1560361896,1.52080992687,0.555938438757,-1.0142326846
4.01450104181,1.13099172172,1.47699550354,0.588603074194,-1.0524746061
3.99961964583,1.14476052914,1.51134073066,0.586983792649,-1.02706342778
4.04840068441,1.12774379475,1.50350674211,0.556428035947,-1.07381421481
4.0286553436,1.12762850733,1.49340947043,0.581679736798,-1.06289142537
4.04349932437,1.19236661139,1.4695656726,0.593809385098,-1.01525314968
4.04137155034,1.17721432118,1.52881547456,0.598591904513,-1.02244141231
4.06037399312,1.20592206636,1.4905974052,0.576816386931,-1.0107639449
4.03663879338,1.16273954145,1.51974716693,0.588204075262,-1.03353225547
4.10572892988,1.16786207706,1.53535416353,0.581780362504,-1.06858195089
4.10591695333,1.20126321991,1.51007083436,0.573570579393,-1.04002846824
4.09284129019,1.1395376743,1.5426350757,0.563607836861,-1.08612275056
4.07239891533,1.18161722124,1.55877281162,0.601072016404,-1.03449155712
4.10875867184,1.19378654743,1.55507551007,0.618756361377,-1.04497615244
4.12048123458,1.1640101323,1.53041175727,0.595383773132,-1.08109622793
4.10537449347,1.21301321519,1.56757245972,0.635198387839,-1.02415850134
4.13251542024,1.18800663601,1.55546105538,0.615400058664,-1.06351291838
4.11301721551,1.16823472854,1.51934970202,0.538126575189,-1.07329017842
4.14208210401,1.23918411805,1.5635536425,0.598148519564,-1.01977233002
4.13330948403,1.14211015037,1.55785694431,0.629230018743,-1.10607949557
4.15868564154,1.17482084228,1.58767683927,0.621056524119,-1.08680747749
4.14840651794,1.17034929547,1.58884763474,0.5908176505,-1.08494177169
4.18596129685,1.17890392783,1.53578231944,0.601449467146,-1.10168020141
4.16875055217,1.19106885445,1.59474635628,0.549464145545,-1.07533126001
4.21332509809,1.23217589881,1.58365645352,0.588392836183,-1.06065182473
4.2202154469,1.17753301508,1.60508346007,0.586303587992,-1.11289362924
4.2017372963,1.17753071887,1.60509951744,0.639438414584,-1.10476977746
4.21422666785,1.18633211913,1.64073426266,0.617267345697,-1.09899010997
4.19814464063,1.13948299068,1.5682325085,0.64234973127,-1.14137115194
4.22037557192,1.18689643829,1.60929218116,0.5928107481,-1.10399978072
4.2476736084,1.19576391597,1.66014113768,0.570031605755,-1.1031907177
4.21973787072,1.21707873064,1.62817414598,0.566045811519,-1.0733747815
4.22465957268,1.1932556203,1.63515239295,0.586887433339,-1.09758395326
4.23984426721,1.20010554156,1.62309931301,0.613815785519,-1.09974906045
4.24988597284,1.2476701721,1.61695041606,0.56261756666,-1.05938860259
4.26783573641,1.16771257773,1.70713838576,0.627868050731,-1.13443120321
4.24455734298,1.22174957299,1.62303527264,0.626237633459,-1.08181194196
4.28439309384,1.18591853986,1.62201882093,0.600329142432,-1.13222935499
4.26559509998,1.25862022624,1.63056488668,0.620275111769,-1.05543410366
4.31423599828,1.2300555155,1.64702841861,0.599114393339,-1.10057106679
4.27043685962,1.24903788645,1.66778881497,0.596023904751,-1.06275609403
4.29838639908,1.2434262503,1.66255333558,0.601167581308,-1.08024452615
4.30142149445,1.22443893459,1.65584849352,0.625196709093,-1.10036683963
4.32114535158,1.183060821,1.73720931714,0.625730562057,-1.13903771045
4.33205187427,1.23913495619,1.67351099318,0.618467973848,-1.09655004216
4.3362198577,1.27607438116,1.65411146466,0.609556871108,-1.06464487812
4.33870019486,1.22748210228,1.65584604916,0.621459962571,-1.11170056368
4.35550109303,1.27849028423,1.68099652494,0.605305089855,-1.06664457171
4.34209775116,1.23721051946,1.64593289619,0.604722973612,-1.10444772302
4.3422873429,1.26934454539,1.75956304568,0.621826415843,-1.06354200823
4.35692396947,1.28369732261,1.69027479468,0.591353291018,-1.06106585015
4.36286210483,1.24028300585,1.66287776542,0.653676682611,-1.10797857769
4.37904348705,1.28339940059,1.6977177789,0.63299228717,-1.06874474696
4.38497857237,1.29270968142,1.73322597055,0.605837015524,-1.05797271989
4.36799955207,1.29449325944,1.73509533459,0.573848853623,-1.04998951004
4.39000525326,1.27920780771,1.73813910831,0.596103471099,-1.07192124685
4.40438548419,1.28507996949,1.7690781507,0.623392170553,-1.06825888925
4.42280779882,1.24982338582,1.69087385131,0.642720212174,-1.11497741791
4.42098629567,1.2481035258,1.72233675535,0.614573987514,-1.11270184577
4.41885060716,1.23386717391,1.76217829118,0.649024748397,-1.12233863849
4.42578837574,1.24264655807,1.7191588628,0.613929651303,-1.11953053112
4.43215711582,1.2618327735,1.73893294856,0.626438937257,-1.10142064962
4.43827331722,1.26159048577,1.73772909684,0.623436644375,-1.10339215415
4.47237250835,1.27598996859,1.72383307943,0.632096480546,-1.09975380421
4.46121074894,1.30441264355,1.82339164554,0.626124687975,-1.06026948196
4.47437639004,1.30476474881,1.75119220225,0.644351778476,-1.07019472058
4.46377608411,1.24786029855,1.71018226415,0.625146237952,-1.12565073181
4.44823048581,1.30251464014,1.78366890729,0.598516351305,-1.06209333331
4.47661619168,1.2703760214,1.79754282045,0.668733463721,-1.09976883315
4.51004100627,1.25066656136,1.79722350299,0.678959946285,-1.12599139879
4.50144895131,1.25992056383,1.76675604376,0.654070002483,-1.11789784908
4.51385341606,1.28407914032,1.8049899598,0.608400126847,-1.09301418327
4.50815234792,1.30650587252,1.75263713816,0.665077160793,-1.07610630066
4.5373396096,1.33613795485,1.85868690463,0.653805785022,-1.04276642782
4.52196144936,1.24470218661,1.79390172574,0.62322522589,-1.13340284315
4.5423066171,1.25844743082,1.85482444085,0.663427971142,-1.11892294935
4.54015915699,1.31093951517,1.8405956661,0.678933231897,-1.06978960963
4.54029337671,1.27539433535,1.82656780401,0.652301241266,-1.10488085422
4.5733607153,1.29831617193,1.83788924921,0.613683733701,-1.08630980262
4.57378239464,1.31264099431,1.84010560447,0.683126450936,-1.07346281381
4.59362859571,1.30547753794,1.79604800835,0.652754432097,-1.08657378542
4.58316996213,1.27174362908,1.85908553916,0.659442868841,-1.11187053158
4.58606826244,1.25970857858,1.85015862129,0.65505263966,-1.12448506254
4.58114470318,1.32046632501,1.88937150732,0.641638570504,-1.06157834602
4.59655320016,1.29957446673,1.9226251,0.683170423914,-1.08123971254
4.62814132399,1.31021269456,1.78927172789,0.687610003766,-1.08668227462
4.61428695787,1.29571170039,1.88763387274,0.624136832304,-1.08914614441
4.64447536353,1.33716966145,1.84572624709,0.641665557802,-1.05575857369
4.62432198773,1.29909260818,1.87637835195,0.686410363694,-1.08891218452
4.63827405831,1.3228497194,1.87451639461,0.644592638242,-1.06656828651
4.64458513366,1.33903430804,1.90051478366,0.682739817395,-1.04948980376
4.62389398398,1.38491587139,1.83415486338,0.649755589355,-1.00867369983
4.63665356091,1.32287187455,1.82743427843,0.650011303949,-1.07093595653
4.64020702721,1.3142497553,1.86214486315,0.651939572051,-1.0763202353
4.66895963037,1.32787419063,1.91028547139,0.662908028728,-1.06044469207
4.67232882643,1.3721349898,1.85659142775,0.653352797251,-1.02228190408
4.6837706738,1.36821049984,1.86690614977,0.647534536225,-1.02545652815
4.67943477466,1.31483931726,1.9246243867,0.670230480925,-1.07225514311
4.6751478819,1.34490004916,1.94302778708,0.665020401589,-1.0410996157
4.70325043036,1.38613390523,1.84742881802,0.678785974817,-1.01057305694
4.70600163542,1.31417465042,1.99983129069,0.695331390513,-1.06681220972
4.72181173949,1.32560678536,1.93512223046,0.680677519706,-1.06151608142
4.72619329909,1.35664135144,1.91699712559,0.718131134263,-1.03357096558
4.75590712865,1.30949937778,1.90509075443,0.663559889145,-1.07873263553
4.7331424439,1.35204509033,1.90453512319,0.699341007669,-1.03879054297
4.73919099821,1.36662066176,1.93186043144,0.652731031604,-1.02105202254
4.71922694861,1.35512697796,1.94894928385,0.652173876383,-1.0310153532
4.76597959279,1.35097811043,1.95658639056,0.655282909137,-1.03299063932
4.74933800981,1.42353588558,1.96581525983,0.66813644026,-0.961776451017
4.78221556997,1.3615562295,1.95448665773,0.707372260886,-1.02274320801
4.79066134899,1.39760406829,1.97362016997,0.679795342753,-0.984466567526
4.78658286188,1.39496915085,1.94849145204,0.704946109632,-0.99015364986
4.80426787712,1.41789893559,1.98924758884,0.673937668763,-0.961719535844
4.81324793398,1.36220784327,1.97784173644,0.66735328155,-1.01658650398
4.80995614649,1.32522960374,2.00503551488,0.665414827539,-1.0503560411
4.78541177861,1.40742088712,1.88499624489,0.674095059,-0.983389223997
4.83518442563,1.39821971825,2.00281872235,0.705739179879,-0.977112383079
4.80700573579,1.34931030543,1.97851852189,0.707950100065,-1.03043577097
4.83485007194,1.36070959797,1.99858953346,0.690527916041,-1.01410616522
4.82396412421,1.41381408324,1.99319737917,0.687061060614,-0.963614562328
4.83317191613,1.38959805583,2.03110311101,0.693683897583,-0.982988123268
4.85943020893,1.37377771613,1.98281995244,0.714705783551,-0.999899454519
4.86241033742,1.36859929036,2.03255150436,0.686262960529,-0.999387704773
4.87519049014,1.41894263043,1.99073070567,0.70467618479,-0.952079508824
4.89583616309,1.3311726284,2.04212183048,0.707701764539,-1.02984256199
4.88610128977,1.3889362148,1.99442818466,0.734157541772,-0.980007219119
4.89331911067,1.39962317797,2.0377193417,0.697021662439,-0.963521132529
4.90089756932,1.39575294439,2.0202541714,0.722996720343,-0.968031787839
4.90533167318,1.35396863439,2.05378768203,0.738926291296,-1.00532989084
4.88305707717,1.42070962629,2.0139215216,0.752073360197,-0.947689964474
4.93137782831,1.36015012533,2.02889764321,0.715759160782,-0.995871733035
4.92393027256,1.40801594359,2.03013549137,0.713659188266,-0.95028051985
4.96410781823,1.4269056065,2.07840583135,0.694369563706,-0.917534643417
4.93873433913,1.42519067189,2.09205429572,0.704779081625,-0.924152964378
4.95554892635,1.41483897115,2.02425093877,0.713729137018,-0.93696800342
4.95986635833,1.44823806427,2.06391531775,0.690223729479,-0.898719442363
4.96328583374,1.41129946601,2.02216264363,0.682244791794,-0.938210337778
4.98683373973,1.42023393588,2.0794529301,0.685803971149,-0.917970431094
4.98548510334,1.40543183824,2.12706313758,0.701977627674,-0.928798090606
4.98020360536,1.45508313086,2.10573396136,0.73154818539,-0.883587618281
4.98035220945,1.4286744624,2.09698055306,0.714502599965,-0.910241847582
5.00341720746,1.45868614645,2.12493802585,0.690440921611,-0.871054912376
5.00409469544,1.45773167864,2.09454015583,0.710535389706,-0.875019768942
4.99458597933,1.43750124573,2.08328201179,0.70189497913,-0.898681897949
5.03429156574,1.4559933019,2.14194259499,0.711916872897,-0.863227371333
5.01581130386,1.43725195751,2.13979990342,0.709158483504,-0.887657038122
5.01708806423,1.39063881938,2.12246750556,0.735281960904,-0.935412280548
5.03655283043,1.47412034947,2.12186878937,0.700505687817,-0.846146717178
5.03241562375,1.42862064746,2.06535789489,0.686691724735,-0.897659734049
5.07345139849,1.47052967462,2.10441272127,0.744378709465,-0.839759025039
5.05747684739,1.42808842463,2.1169232175,0.729916596686,-0.88597806548
5.06454174888,1.4164654978,2.15744723435,0.735089159396,-0.891379748678
5.06931236101,1.47129970602,2.12104784184,0.711253754911,-0.838288244242
5.06461762649,1.41838484033,2.08260473309,0.764218620458,-0.896953515427
5.08867441076,1.50266966615,2.13008967215,0.735376027307,-0.799692211603
5.06677517592,1.49408450531,2.15706310084,0.744354467662,-0.813733804372
5.09377308819,1.45872577236,2.13667254504,0.757558247871,-0.841365868489
5.10054547425,1.45727197343,2.22376900073,0.765137594833,-0.83231768228
5.11691295961,1.48639194294,2.17244466399,0.724078336419,-0.801017704511
5.13927219587,1.43624864784,2.1435530265,0.729364064013,-0.84461892987
5.10978762502,1.4586366677,2.14802587135,0.711858355408,-0.833467696463
5.10795383996,1.43719018577,2.16746419345,0.729410897187,-0.853976576797
5.13837939592,1.4466415247,2.182986555,0.744623060439,-0.831295864376
5.16186412658,1.44206272186,2.16184320068,0.712356105587,-0.827245224446
5.1708950568,1.50191235281,2.17625136169,0.755559897137,-0.763206894747
5.19016248557,1.43241623095,2.19310501543,0.725412366564,-0.821482295426
5.14242506553,1.45572273649,2.16525568689,0.722670616968,-0.821837998315
5.19127146376,1.4589126611,2.17508954936,0.724738506107,-0.796350303441
5.161752659,1.49571952616,2.26128772767,0.718979525679,-0.764768888201
5.17105471603,1.4570726475,2.2201927286,0.731475272315,-0.803236680303
5.22804772661,1.4972637548,2.30518614007,0.75657353467,-0.729129527966
5.18766723566,1.48626934389,2.2618510582,0.725499152842,-0.762706405605
5.2058505013,1.51987084883,2.21826556683,0.743594639889,-0.725128651614
5.20017782514,1.5330924616,2.22179565351,0.77222703869,-0.714814048484
5.25085761623,1.4636802813,2.26644629179,0.764657096058,-0.75486118366
5.2310142703,1.49978440582,2.22652613299,0.695915984431,-0.73128767166
5.25245266548,1.46291246779,2.29790880092,0.742007606489,-0.751432640534
5.23711763404,1.52065973542,2.22633487687,0.775156838759,-0.708958102833
5.27943922731,1.47953552451,2.17055137098,0.747263648014,-0.732660104323
5.27784345524,1.54657956967,2.26537582889,0.789377882117,-0.658596043877
5.27254297157,1.50841720913,2.2539836876,0.742250829898,-0.699687820497
5.26670322259,1.53052877647,2.30086106213,0.768192591645,-0.676846282154
5.27364416882,1.54238225076,2.29396263778,0.756950219653,-0.661743960049
5.2896025357,1.53049460015,2.29051026627,0.782679574821,-0.665852297754
5.31767382483,1.5451364803,2.25629255413,0.744488703065,-0.638001746671
5.27547484204,1.50463851164,2.34349788489,0.687016226238,-0.692436895765
5.32373820398,1.53496221983,2.26891926218,0.802525670946,-0.644664786015
5.32277999198,1.49213624531,2.29880840116,0.789794449287,-0.684948990073
5.32334239376,1.49702236369,2.25172875387,0.762946243518,-0.683597340381
5.34938494208,1.5339202603,2.30478961168,0.77370088096,-0.626826462595
5.31781659308,1.49609569386,2.31978879532,0.75379023576,-0.681171742402
5.36631869027,1.5911395294,2.24243641303,0.72804612912,-0.564332038891
5.35647455563,1.52166026276,2.31339063083,0.798518573913,-0.634533255742
5.36685066356,1.54466022276,2.33462209067,0.765127706338,-0.60263989863
5.33221293292,1.55892344245,2.25393088525,0.765729547065,-0.616491690725
5.40065432328,1.61384787772,2.25256834713,0.761305787417,-0.519989676213
5.37892397677,1.55287160948,2.28800298839,0.753874905602,-0.591131636045
5.38441887787,1.54717603906,2.36474840359,0.791028611299,-0.587037383601
5.37156918297,1.57466598849,2.41576776404,0.781055056312,-0.562549680983
5.37517640526,1.54284961034,2.33927449706,0.7725495585,-0.599071800429
5.43778719679,1.56220958942,2.37272608871,0.749595820426,-0.536094918229
5.41127253283,1.50345202368,2.35685642514,0.795045860679,-0.614526759185
5.40771103987,1.56692186446,2.3091320071,0.768658891605,-0.557291084833
5.43985146199,1.55357399525,2.34019518766,0.782342865875,-0.547046093666
5.41716373794,1.54679374584,2.36495005295,0.808855420564,-0.566960318863
5.43192231088,1.55131451627,2.35770106031,0.755834979238,-0.55239189172
5.45235920519,1.57201388096,2.35733463894,0.763380473311,-0.51825674453
5.45418904441,1.58975313824,2.352935803,0.759936010286,-0.499622293887
5.48483126429,1.55890587403,2.40797065012,0.755353835054,-0.504212775235
5.4815259272,1.590112146,2.36007742373,0.759230728403,-0.479842852864
5.46935412909,1.58484663293,2.31333356528,0.770094877355,-0.498081289119
5.49013074619,1.58847115193,2.396587303,0.782878608422,-0.472567407315
5.4871440977,1.53560888546,2.48113431909,0.769740937656,-0.519392411343
5.49458911817,1.57115349379,2.37823163907,0.799121568145,-0.488782794529
5.50579246648,1.59762738969,2.45105585489,0.798460617326,-0.447613753392
5.51204903653,1.59915681922,2.38215070916,0.750643902721,-0.447011696623
5.53635009407,1.61480669574,2.47445128223,0.805668904945,-0.406327888037
5.50802195257,1.59463250936,2.39632668397,0.794946828751,-0.454012879952
5.52593988656,1.61288970049,2.4478739116,0.775214063053,-0.41766491115
5.53233673296,1.58617036884,2.46986240074,0.81543388429,-0.438521354902
5.55987149296,1.58653132382,2.44152468423,0.831426895628,-0.420726866816
5.55464207098,1.61538761395,2.37799394234,0.762780448629,-0.400260812794
5.55210568728,1.60492923643,2.42551063329,0.793693725604,-0.408831936575
5.57156361744,1.60874228988,2.42858751388,0.790089852554,-0.390050138506
5.58861425476,1.58099505185,2.46219322814,0.790926229238,-0.401684820779
5.56535350111,1.60386172325,2.49566138632,0.811491531047,-0.393859547731
5.58789808027,1.58506794428,2.44120042707,0.808146730893,-0.400468186544
5.59885994548,1.61095197777,2.51868010209,0.818328281989,-0.359189537577
5.61179538562,1.6422489574,2.48015131819,0.805075980328,-0.321147232154
5.61966457198,1.58100231933,2.47264777331,0.784010113335,-0.37640024475
5.61089468498,1.59127544929,2.54711138041,0.838029590791,-0.367286010647
5.62554852433,1.59024184006,2.46096995759,0.809285717277,-0.364132091647
5.64232504066,1.63144067522,2.44109912034,0.810433988664,-0.311468514025
5.64761254835,1.59325169151,2.49121595664,0.803938079696,-0.340600986699
5.65226514255,1.63894505686,2.54224889729,0.774328640465,-0.285837759915
5.62383580946,1.63477342837,2.46538522049,0.817323617665,-0.320758532304
5.68801150281,1.61477237565,2.51688586898,0.805209678925,-0.283758179422
5.64894199413,1.56714159862,2.50012335254,0.836528347744,-0.365510302998
5.66794615758,1.6282906508,2.49388304951,0.821687103896,-0.28923884923
5.65285302427,1.63203594129,2.56173275325,0.788699252825,-0.29076594281
5.68856332964,1.56105718576,2.50136241441,0.771623401314,-0.337716868267
5.69451577561,1.62382021047,2.46127787281,0.854060808959,-0.275494932225
5.70452978539,1.63261134857,2.54853260299,0.828444149424,-0.249767792163
5.69109559873,1.669639014,2.54104839925,0.803686533586,-0.224212437623
5.72019760348,1.60306567744,2.5639080349,0.797731541556,-0.264002653631
5.75931585172,1.61085619644,2.52100815186,0.802465775917,-0.226811842803
5.74752171117,1.64636695473,2.58518878472,0.841021007233,-0.196449489492
5.76411919793,1.57208199427,2.5521371989,0.837655427013,-0.259295861435
5.72522987897,1.62296453573,2.58353638392,0.852591594708,-0.239251174736
5.72781613951,1.6335865752,2.56552600775,0.83509063697,-0.22772864643
5.7441554758,1.63439640339,2.61127139744,0.805092761127,-0.208075990759
5.74974631898,1.68078768441,2.61841987128,0.82286787326,-0.15679380429
5.77012411549,1.67461596565,2.60181730528,0.812304152143,-0.146578497038
5.77899901536,1.68350040697,2.60551996015,0.824084132865,-0.12991445978
5.78277722792,1.65575751083,2.63354229593,0.801779018413,-0.151118266865
5.81488536311,1.68243915732,2.55122932135,0.838952149727,-0.104582851221
5.80384177527,1.68153162201,2.59983526853,0.886738476363,-0.1118801268
5.81192188058,1.66105539501,2.64933049263,0.807001698452,-0.118726341604
5.80242590975,1.65256769897,2.60398873116,0.816943029121,-0.140039942568
5.79198858684,1.66247740296,2.61470208367,0.812666221138,-0.138310322241
5.84509740426,1.71115430697,2.61893568721,0.828928672884,-0.0424648906668
5.83459125847,1.66666767692,2.59255114303,0.807762037069,-0.0980959369617
5.83793668234,1.69163511918,2.64677334968,0.83667500584,-0.0658951525079
5.86237873487,1.66704221444,2.56882504,0.806320555645,-0.0746843772826
5.86660031789,1.67063504664,2.66071294076,0.820141263754,-0.0590632163077
5.89089020473,1.69693081046,2.6783495767,0.816086229809,-0.00888338803874
5.87595957487,1.63053360891,2.64916474777,0.857617158096,-0.0923703420156
5.85220157445,1.64722970063,2.71100465349,0.861160688556,-0.0918003785763
5.88661599851,1.66049728467,2.5962625341,0.882315186079,-0.0580991637012
5.88285371279,1.67115613805,2.62322638369,0.799406536393,-0.0466276361522
5.90223687453,1.69291614259,2.62736199865,0.828744656979,-0.00735607700735
5.93155852775,1.69449950215,2.64607129705,0.852048336707,0.0227939239945
5.90719185319,1.72339216295,2.66612848907,0.856703243188,0.0303819587183
5.91983773825,1.65616006593,2.62843905192,0.838474984126,-0.0276350850163
5.92422334108,1.71039605367,2.67984133221,0.846586519595,0.03491190924
5.9627271187,1.69281308599,2.69278798509,0.828659461866,0.0553850926524
5.93937343909,1.66468855046,2.6918016247,0.870738468111,0.0042950340846
5.96687884072,1.70811741862,2.71440922862,0.827855123653,0.0765191491428
5.94929927235,1.71365706353,2.6324697815,0.843606739749,0.0574253523042
5.95320684402,1.68744457296,2.68293965437,0.844585212247,0.0397602482044
5.95906870684,1.68456420143,2.70156183953,0.836544158587,0.0443521578697
6.00400984399,1.69764575464,2.70315217139,0.846163076394,0.100172971832
5.99540485157,1.71058143468,2.73348947468,0.852775049087,0.107375758395
6.00883746603,1.72686125961,2.71327152644,0.877060764214,0.133961915155
6.03265150602,1.69227149042,2.64133587327,0.851778814791,0.116656690782
5.9831694678,1.68260458749,2.67382207374,0.874654397291,0.0619166238459
6.03867633038,1.73752897862,2.71453259753,0.899557331899,0.172931069712
6.00900515021,1.72636042577,2.73647708403,0.870435500808,0.135915339033
6.04513009013,1.72771139903,2.73977449291,0.870232267858,0.172502577692
6.03511694776,1.74133413855,2.66649017045,0.885603273093,0.169136138668
6.03159364292,1.75953035269,2.72364838745,0.858118115969,0.189509542967
6.05661274192,1.76878107565,2.69962808217,0.884743187002,0.220074291282
6.06707895849,1.72437067233,2.73491737714,0.838965530421,0.190865936149
6.06083579347,1.73308594223,2.78405145798,0.875137872804,0.197057740984
6.05716632012,1.77887230161,2.77900496877,0.888262550304,0.23770763339
6.0690664574,1.75597073096,2.69307839991,0.851372313618,0.219810077296
6.09971829963,1.72760827022,2.7547157438,0.860822746553,0.22736843296
6.1103400145,1.72099018134,2.78732805191,0.868095760968,0.234112722644
6.10726820827,1.73233549973,2.77736217871,0.911010461439,0.240373118194
6.09714544038,1.75589831423,2.77631095206,0.847652732959,0.255014785595
6.10867352469,1.74728581289,2.78488735797,0.846991184346,0.258690167578
6.12539270184,1.66153615009,2.78723062311,0.879968141808,0.189656768901
6.11947384571,1.76027564649,2.80281880728,0.848660652338,0.283722608293
6.14885142787,1.76803107744,2.85957738072,0.900288677423,0.324367825723
6.1442630441,1.74710374119,2.78303690087,0.851628430025,0.293382198075
6.167642737,1.78803782685,2.83404517138,0.901914001722,0.360209621644
6.16538781419,1.80790174759,2.7672186595,0.835607216831,0.372746733806
6.16723911378,1.75160090593,2.81472404851,0.881738871062,0.322799428962
6.1491167146,1.71463677183,2.7960417146,0.838833575742,0.267642811994
6.15591554535,1.77553905946,2.83238965093,0.851057952982,0.337413095742
6.16933461095,1.77071094728,2.80412798416,0.903513145944,0.34215731027
6.19682419215,1.74103395595,2.82933334912,0.889087183286,0.342994747683
6.2070570941,1.70479941759,2.86892684449,0.909967408453,0.320511537536
6.2046562667,1.80663619599,2.88424921959,0.881313157115,0.42027577883
6.18995068091,1.76470660456,2.82150110144,0.840273315261,0.359877259291
6.20734081171,1.69743519151,2.90676517659,0.911814305865,0.316915813508
6.21415291704,1.82424475024,2.84479191905,0.863320088611,0.443637442571
6.26516443389,1.72795543833,2.80990526663,0.837403603643,0.397771522346
6.26393648687,1.81010577717,2.83957572991,0.935703874835,0.477445174304
6.26416665367,1.79520189223,2.89796820578,0.913216625247,0.469056022712
6.26267617714,1.79548788601,2.88125661524,0.90243873362,0.466574333858
6.24485266382,1.77470626496,2.98421577784,0.901357050941,0.437923728198
6.24261014172,1.76981062462,2.88403069328,0.887867591755,0.42202395361
6.30131275106,1.78880829977,2.83141387113,0.896320132648,0.494266000351
6.29081580772,1.79180917253,2.90319341584,0.859093782152,0.494199724114
6.28623676204,1.77341207347,2.81078404137,0.88239725638,0.462570915697
6.3037225259,1.75078940037,2.80589385618,0.913984964832,0.456650133887
6.34064457791,1.80108897263,2.85788164486,0.906363970679,0.547728097096
6.29539307969,1.81449907451,2.91694605251,0.885713931354,0.521466009659
6.29413494323,1.8211301767,2.83077707704,0.837180267237,0.51988657745
6.31091770743,1.83294813641,2.93517242583,0.912876725929,0.555852420859
6.34303999591,1.80624452828,2.90591031138,0.908466513878,0.559488159601
6.32494188812,1.83338569549,2.89113900091,0.913594944507,0.566238175672
6.36244544963,1.82601903665,2.89255315114,0.917005125925,0.596596577542
6.36868803186,1.79915267229,2.86368587039,0.897055176684,0.574569899698
6.36113512857,1.78672318446,2.88067020649,0.916980307092,0.555994366246
6.34778297522,1.86319285388,2.91918004639,0.88074278655,0.621089283668
6.32977762774,1.81499386163,2.95832769118,0.882290573141,0.560201096687
6.40363576539,1.80053523436,2.90761603964,0.89057556979,0.614867319865
6.35675464429,1.80450571334,2.91933715751,0.907574023445,0.572733763189
6.38175696157,1.86016614017,2.93432969833,0.927172256439,0.652295538298
6.39064080713,1.84369834107,2.97348193146,0.896437529298,0.649661708646
6.39704047494,1.83398945905,2.9495662121,0.905973428854,0.644228580326
6.39888640547,1.79561415688,2.91121510084,0.901045433162,0.605430248082
6.42722627338,1.80455310806,2.98047695183,0.869876638267,0.649373175286
6.40872363196,1.86031020746,2.97021650968,0.927365275233,0.682509726912
6.40457016736,1.79853771859,3.01338638962,0.902624259164,0.623255729894
6.44942296979,1.91367667259,2.97717885342,0.933804899866,0.773965422142
6.43998280705,1.8978610002,2.97716226226,0.936670746402,0.749638824111
6.46138556832,1.86330691649,3.02527483319,0.922400101027,0.742594644138
6.43484998163,1.82349086646,3.02314194005,0.939941636682,0.677437597491
6.44193419862,1.85572800219,3.05388941132,0.912384634907,0.719030203297
6.48094178462,1.85250574315,3.02120406805,0.927298701353,0.750950363251
6.48311474516,1.87748923427,3.04663678829,0.913094999663,0.779680264559
6.51585119885,1.84392856875,3.01716422232,0.949852843233,0.775865101076
6.4973480326,1.81543766445,3.05805601511,0.959528179027,0.733769435126
6.50843676677,1.86326455918,3.0281639142,0.909540681936,0.789238244777
6.50159023982,1.84519534635,3.06293018134,0.935846648988,0.767722882177
6.5026983392,1.84885401356,2.9724827953,0.925935328942,0.764300337401
6.53709840564,1.85207581337,3.00964427531,0.94107223126,0.803856219816
6.53652170822,1.89091641928,3.04817720336,0.9218460702,0.84440573632
6.54417767827,1.88953058147,3.06886397216,0.901357997589,0.852916341959
6.56199606905,1.88453169452,3.02127696926,0.911592181578,0.860713248956
6.55530223211,1.86785379675,3.11975253012,0.931188568857,0.846878098417
6.54920547064,1.86485791084,3.03125739729,0.940513806935,0.829802715774
6.5690224094,1.85641548897,3.12426792057,0.960386472303,0.848763161332
6.57567423921,1.86500519442,3.00562827985,0.928018296732,0.85335787344
6.59067673837,1.89037609083,3.06427405234,0.896684181259,0.898047920213
6.59341639368,1.8725670962,3.09474666411,0.94747447296,0.885180589155
6.5811422124,1.89104242974,3.12354413945,0.951590304474,0.893581658987
6.59483742061,1.86161602244,3.06663819955,0.950340706268,0.873418749168
6.57748658427,1.89002787763,3.10631837901,0.924591509826,0.888250101672
6.59876077623,1.90004228956,3.13109862872,0.915694966099,0.920536886146
6.62717724193,1.88292146138,3.11248107613,0.978306312103,0.927841577362
6.62978573251,1.87794594372,3.12064132052,0.920704050632,0.927799840959
6.64650051549,1.87189578997,3.0838652037,0.891107746531,0.935099781216
6.65740659903,1.93260962157,3.14203955604,0.934513608019,1.00686918091
6.65579682411,1.94245535892,3.06920550075,0.944189098285,1.00765224274
6.63909782693,1.92097842518,3.07820098449,0.935050636763,0.973013259237
6.6849215602,1.92337807994,3.09084902348,0.952115647896,1.01855363044
6.65557672247,1.91560601251,3.14261449813,0.926183193508,0.98948389976
6.70448277552,1.92262804592,3.1234862205,0.924851239424,1.03946923365
6.70293730373,1.9465635094,3.14745486942,0.956027092831,1.06180095779
6.68681501139,1.88835396093,3.14900991328,0.961718843721,0.992279563223
6.69628689733,1.93343141636,3.13048022639,0.949414977403,1.04209499844
6.69510675012,1.93503692623,3.11922857528,0.978016210001,1.04074468749
6.72576374757,1.90520973071,3.13144053806,0.970046483783,1.04193973718
6.71248328793,1.91832508116,3.19247572269,0.94901670942,1.04838440772
6.71540685145,1.93367586755,3.15619525763,0.934251175993,1.06250896531
6.77102434558,1.92181981986,3.18964665534,0.953472254287,1.10377676488
6.76572438821,1.90358052822,3.15602252536,0.937889525642,1.07924593293
6.75998684638,1.94728269878,3.18081848432,0.961264591274,1.11678218642
6.73165448473,1.97403623181,3.21467304654,0.941585547128,1.11979026198
6.78176771371,1.95360418914,3.16235774642,0.972859796684,1.13990570485
6.78085057926,1.93078165388,3.19198323911,0.951152827698,1.12111045008
6.77568170337,1.94768990978,3.26427839708,0.946653958477,1.13905967469
6.78613322106,1.93020386176,3.17257173009,0.951356059786,1.1234268766
6.80642629696,1.93168819381,3.14252075148,0.95740889801,1.13959305317
6.79804635542,1.96895691098,3.14919242191,0.948112129672,1.16778446007
6.79521501636,1.93717854642,3.23010187872,0.985570147835,1.14221911195
6.79808162803,1.94159558824,3.21184942799,0.973572877803,1.14749459294
6.84405164696,1.90292598891,3.19808691315,0.960576707042,1.14975794977
6.83651978471,1.97506284915,3.1893353937,1.003037228,1.20873110274
6.82792617987,1.95066647667,3.20333944962,1.00385741217,1.1801069577
6.84115537115,1.9748136379,3.23882827333,0.956782656851,1.21818091258
6.8568396986,1.9400085032,3.21925920075,0.96508235725,1.19717776986
6.82547643718,1.91390612315,3.21847582117,0.966887687965,1.14598913629
6.83431896452,1.96107387926,3.25555488922,0.934485272688,1.20183127228
6.83646810493,1.93337879952,3.27296089742,0.985704766662,1.17810213544
6.88057749177,2.00882977949,3.26318087491,0.981587352901,1.28379783826
6.87997987838,1.94857498241,3.26690340283,0.985262991943,1.22824033426
6.88616672818,1.97197819891,3.28539285243,0.973017656837,1.25701378332
6.90882546095,1.95588647445,3.28222770507,0.993347346695,1.25982388294
6.91812090437,1.9903281647,3.26841312813,1.02887154842,1.29680923777
6.89469906085,1.9314523461,3.20855499684,0.964255515358,1.21963341612
6.92397362028,2.03432926637,3.1687698901,0.971852956131,1.33374758832
6.92474204505,1.99684358023,3.3600845009,0.969359805132,1.31803347455
6.91768912131,1.98358961709,3.24251171095,0.981574462048,1.28921591131
6.95141015765,1.97346320956,3.31549912519,0.974626867397,1.31357278835
6.95056301217,1.99624704737,3.35478275812,1.00292091184,1.33655909499
6.94675897926,1.95394916577,3.27960184386,1.03005832962,1.28711579208
6.94134933078,1.94898465801,3.3117778723,0.966790607778,1.28288525257
6.96026211002,2.02440675696,3.29607926438,0.991422727712,1.36460843535
6.98526408863,2.03144025266,3.37083257758,1.02863755433,1.39597484855
7.00148016213,1.99205080661,3.37061928787,0.991342533068,1.37366865046
7.00861057185,2.02240196821,3.26751161903,1.00382437343,1.39680773347
6.98717025897,1.97664812049,3.3725381007,0.990056434345,1.3489336991
6.99831213034,1.97168977309,3.32969053062,1.00648268305,1.34847513311
